-- --------------------------------------------------------
-- Host:                         127.0.0.1
-- Server version:               11.8.2-MariaDB - mariadb.org binary distribution
-- Server OS:                    Win64
-- HeidiSQL Version:             12.10.0.7000
-- --------------------------------------------------------

/*!40101 SET @OLD_CHARACTER_SET_CLIENT=@@CHARACTER_SET_CLIENT */;
/*!40101 SET NAMES utf8 */;
/*!50503 SET NAMES utf8mb4 */;
/*!40103 SET @OLD_TIME_ZONE=@@TIME_ZONE */;
/*!40103 SET TIME_ZONE='+00:00' */;
/*!40014 SET @OLD_FOREIGN_KEY_CHECKS=@@FOREIGN_KEY_CHECKS, FOREIGN_KEY_CHECKS=0 */;
/*!40101 SET @OLD_SQL_MODE=@@SQL_MODE, SQL_MODE='NO_AUTO_VALUE_ON_ZERO' */;
/*!40111 SET @OLD_SQL_NOTES=@@SQL_NOTES, SQL_NOTES=0 */;

-- Dumping data for table dbprueba.actividades: ~36 rows (approximately)
INSERT INTO `actividades` (`id`, `periodo`, `name`, `materiaId`, `userId`, `seccionesId`, `estado`, `descripcion`, `fechaInicio`, `fechaFinal`, `horaInicio`, `horaFinal`, `ubicacion`, `objetivo`, `createdAt`, `updatedAt`) VALUES
	(1, '2026', 'Clase de Matemáticas (Lunes)', 1, 6, NULL, 1, 'Clase teórica de Matemáticas.', '2026-03-02', '2026-03-02', '08:00:00', '09:30:00', 'Aula 101', 'Repasar álgebra y resolver ejercicios.', '2026-03-27 08:01:50', '2026-03-27 08:01:50'),
	(2, '2026', 'Clase de Matemáticas (Miércoles)', 1, 6, NULL, 1, 'Sesión de práctica y resolución de problemas.', '2026-03-04', '2026-03-04', '08:00:00', '09:30:00', 'Aula 101', 'Aplicar conceptos de geometría.', '2026-03-27 08:01:50', '2026-03-27 08:01:50'),
	(3, '2026', 'Clase de Ciencias Naturales (Martes)', 2, 7, NULL, 1, 'Clase teórica de biología y química.', '2026-03-03', '2026-03-03', '10:00:00', '11:30:00', 'Laboratorio 1', 'Introducción a células y reacciones químicas.', '2026-03-27 08:01:50', '2026-03-27 08:01:50'),
	(4, '2026', 'Clase de Ciencias Naturales (Jueves)', 2, 7, NULL, 1, 'Práctica de laboratorio de química.', '2026-03-05', '2026-03-05', '10:00:00', '11:30:00', 'Laboratorio 1', 'Experimentar con sustancias seguras.', '2026-03-27 08:01:50', '2026-03-27 08:01:50'),
	(5, '2026', 'Clase de Estudios Sociales (Lunes)', 3, 6, NULL, 1, 'Historia y geografía básica.', '2026-03-02', '2026-03-02', '11:00:00', '12:30:00', 'Aula 102', 'Analizar hechos históricos y su contexto.', '2026-03-27 08:01:50', '2026-03-27 08:01:50'),
	(6, '2026', 'Clase de Estudios Sociales (Miércoles)', 3, 6, NULL, 1, 'Ciudadanía y derechos.', '2026-03-04', '2026-03-04', '11:00:00', '12:30:00', 'Aula 102', 'Debatir sobre derechos y deberes civiles.', '2026-03-27 08:01:50', '2026-03-27 08:01:50'),
	(7, '2026', 'Clase de Inglés (Martes)', 4, 6, NULL, 1, 'Comprensión y conversación en inglés.', '2026-03-03', '2026-03-03', '13:00:00', '14:30:00', 'Aula 103', 'Practicar vocabulario y pronunciación.', '2026-03-27 08:01:50', '2026-03-27 08:01:50'),
	(8, '2026', 'Clase de Inglés (Jueves)', 4, 6, NULL, 1, 'Redacción y gramática en inglés.', '2026-03-05', '2026-03-05', '13:00:00', '14:30:00', 'Aula 103', 'Escribir párrafos claros en inglés.', '2026-03-27 08:01:50', '2026-03-27 08:01:50'),
	(9, '2026', 'Clase de Educación Física (Lunes)', 5, 7, NULL, 1, 'Actividades deportivas y condición física.', '2026-03-02', '2026-03-02', '15:00:00', '16:30:00', 'Gimnasio', 'Mejorar coordinación y resistencia.', '2026-03-27 08:01:50', '2026-03-27 08:01:50'),
	(10, '2026', 'Clase de Educación Física (Miércoles)', 5, 7, NULL, 1, 'Entrenamiento y juegos deportivos.', '2026-03-04', '2026-03-04', '15:00:00', '16:30:00', 'Gimnasio', 'Practicar deporte en equipo.', '2026-03-27 08:01:50', '2026-03-27 08:01:50'),
	(11, '2026', 'Clase de Química (Martes)', 6, 6, NULL, 1, 'Teoría química básica.', '2026-03-03', '2026-03-03', '15:00:00', '16:30:00', 'Laboratorio 2', 'Estudiar reacciones químicas simples.', '2026-03-27 08:01:50', '2026-03-27 08:01:50'),
	(12, '2026', 'Clase de Química (Jueves)', 6, 6, NULL, 1, 'Práctica de laboratorio de química.', '2026-03-05', '2026-03-05', '15:00:00', '16:30:00', 'Laboratorio 2', 'Realizar experimentos guiados.', '2026-03-27 08:01:50', '2026-03-27 08:01:50'),
	(13, '2026', 'Clase de Física (Lunes)', 7, 7, NULL, 1, 'Conceptos de mecánica y energía.', '2026-03-02', '2026-03-02', '17:00:00', '18:30:00', 'Aula 104', 'Entender fuerzas y movimiento.', '2026-03-27 08:01:50', '2026-03-27 08:01:50'),
	(14, '2026', 'Clase de Física (Miércoles)', 7, 7, NULL, 1, 'Resolución de problemas de física.', '2026-03-04', '2026-03-04', '17:00:00', '18:30:00', 'Aula 104', 'Practicar aplicación de fórmulas físicas.', '2026-03-27 08:01:50', '2026-03-27 08:01:50'),
	(15, '2026', 'Clase de Biología (Martes)', 8, 6, NULL, 1, 'Teoría sobre células y ecología.', '2026-03-03', '2026-03-03', '17:00:00', '18:30:00', 'Aula 105', 'Comprender estructura celular.', '2026-03-27 08:01:50', '2026-03-27 08:01:50'),
	(16, '2026', 'Clase de Biología (Jueves)', 8, 6, NULL, 1, 'Práctica sobre ecosistemas.', '2026-03-05', '2026-03-05', '17:00:00', '18:30:00', 'Aula 105', 'Analizar interacciones en ecosistemas.', '2026-03-27 08:01:50', '2026-03-27 08:01:50'),
	(17, '2026', 'Clase de Historia (Lunes)', 9, 7, NULL, 1, 'Historia universal y regional.', '2026-03-02', '2026-03-02', '19:00:00', '20:30:00', 'Aula 106', 'Analizar acontecimientos históricos.', '2026-03-27 08:01:50', '2026-03-27 08:01:50'),
	(18, '2026', 'Clase de Historia (Miércoles)', 9, 7, NULL, 1, 'Análisis de documentos históricos.', '2026-03-04', '2026-03-04', '19:00:00', '20:30:00', 'Aula 106', 'Interpretar fuentes históricas.', '2026-03-27 08:01:50', '2026-03-27 08:01:50'),
	(19, '2026', 'Clase de Geografía (Martes)', 10, 6, NULL, 1, 'Geografía física y humana.', '2026-03-03', '2026-03-03', '19:00:00', '20:30:00', 'Aula 107', 'Estudiar mapas y recursos naturales.', '2026-03-27 08:01:50', '2026-03-27 08:01:50'),
	(20, '2026', 'Clase de Geografía (Jueves)', 10, 6, NULL, 1, 'Cambio climático y uso del suelo.', '2026-03-05', '2026-03-05', '19:00:00', '20:30:00', 'Aula 107', 'Analizar impacto ambiental.', '2026-03-27 08:01:50', '2026-03-27 08:01:50'),
	(21, '2026', 'Clase de Arte (Lunes)', 11, 7, NULL, 1, 'Dibujo y pintura.', '2026-03-02', '2026-03-02', '08:00:00', '09:30:00', 'Taller de Arte', 'Practicar técnicas artísticas.', '2026-03-27 08:01:50', '2026-03-27 08:01:50'),
	(22, '2026', 'Clase de Arte (Miércoles)', 11, 7, NULL, 1, 'Experimentación con materiales.', '2026-03-04', '2026-03-04', '08:00:00', '09:30:00', 'Taller de Arte', 'Crear una obra básica en grupo.', '2026-03-27 08:01:50', '2026-03-27 08:01:50'),
	(23, '2026', 'Clase de Música (Martes)', 12, 6, NULL, 1, 'Teoría musical e instrumentos.', '2026-03-03', '2026-03-03', '08:00:00', '09:30:00', 'Sala de Música', 'Aprender lectura de partituras.', '2026-03-27 08:01:50', '2026-03-27 08:01:50'),
	(24, '2026', 'Clase de Música (Jueves)', 12, 6, NULL, 1, 'Práctica instrumental y canto.', '2026-03-05', '2026-03-05', '08:00:00', '09:30:00', 'Sala de Música', 'Ensayar una pieza en grupo.', '2026-03-27 08:01:50', '2026-03-27 08:01:50'),
	(25, '2026', 'Clase de Tecnología (Lunes)', 13, 7, NULL, 1, 'Computación y software básico.', '2026-03-02', '2026-03-02', '10:00:00', '11:30:00', 'Laboratorio de Cómputo 1', 'Introducción a herramientas digitales.', '2026-03-27 08:01:50', '2026-03-27 08:01:50'),
	(26, '2026', 'Clase de Tecnología (Miércoles)', 13, 7, NULL, 1, 'Ofimática y uso de software.', '2026-03-04', '2026-03-04', '10:00:00', '11:30:00', 'Laboratorio de Cómputo 1', 'Crear documentos y presentaciones.', '2026-03-27 08:01:50', '2026-03-27 08:01:50'),
	(27, '2026', 'Clase de Educación Cívica (Martes)', 14, 6, NULL, 1, 'Derechos y deberes ciudadanos.', '2026-03-03', '2026-03-03', '10:00:00', '11:30:00', 'Aula 108', 'Fomentar participación ciudadana.', '2026-03-27 08:01:50', '2026-03-27 08:01:50'),
	(28, '2026', 'Clase de Educación Cívica (Jueves)', 14, 6, NULL, 1, 'Simulación de consejo estudiantil.', '2026-03-05', '2026-03-05', '10:00:00', '11:30:00', 'Aula 108', 'Practicar toma de decisiones en grupo.', '2026-03-27 08:01:50', '2026-03-27 08:01:50'),
	(29, '2026', 'Clase de Economía (Lunes)', 15, 7, NULL, 1, 'Conceptos básicos de economía.', '2026-03-02', '2026-03-02', '12:00:00', '13:30:00', 'Aula 109', 'Entender oferta y demanda.', '2026-03-27 08:01:50', '2026-03-27 08:01:50'),
	(30, '2026', 'Clase de Economía (Miércoles)', 15, 7, NULL, 1, 'Mercados y finanzas básicas.', '2026-03-04', '2026-03-04', '12:00:00', '13:30:00', 'Aula 109', 'Análisis de casos prácticos.', '2026-03-27 08:01:50', '2026-03-27 08:01:50'),
	(31, '2026', 'Reunión Padres-Maestros', NULL, 6, '1', 1, 'Encuentro informativo con los padres de familia.', '2026-03-20', '2026-03-20', '18:00:00', '19:30:00', 'Salón de Usos Múltiples', 'Compartir avances académicos con las familias.', '2026-03-27 08:01:50', '2026-03-27 08:01:50'),
	(32, '2026', 'Feria de Ciencias', NULL, 7, '1', 1, 'Exposición de proyectos científicos de los estudiantes.', '2026-04-05', '2026-04-05', '09:00:00', '15:00:00', 'Gimnasio', 'Promover el interés por la ciencia.', '2026-03-27 08:01:50', '2026-03-27 08:01:50'),
	(33, '2026', 'Salida Cultural', NULL, 6, '1', 1, 'Visita guiada al museo de historia natural.', '2026-04-20', '2026-04-20', '08:00:00', '14:00:00', 'Museo de Historia Natural', 'Aprender fuera del aula.', '2026-03-27 08:01:50', '2026-03-27 08:01:50'),
	(34, '2026', 'Reunión Padres-Maestros (8-2)', NULL, 6, '2', 1, 'Encuentro informativo con los padres de familia.', '2026-03-22', '2026-03-22', '18:00:00', '19:30:00', 'Salón de Usos Múltiples', 'Compartir avances académicos con las familias.', '2026-03-27 08:01:50', '2026-03-27 08:01:50'),
	(35, '2026', 'Feria de Ciencias (8-2)', NULL, 7, '2', 1, 'Exposición de proyectos científicos de los estudiantes.', '2026-04-07', '2026-04-07', '09:00:00', '15:00:00', 'Auditorio', 'Promover el interés por la ciencia.', '2026-03-27 08:01:50', '2026-03-27 08:01:50'),
	(36, '2026', 'Salida Cultural (8-2)', NULL, 6, '2', 1, 'Visita guiada al museo de arte.', '2026-04-22', '2026-04-22', '08:00:00', '14:00:00', 'Museo de Arte', 'Aprender fuera del aula.', '2026-03-27 08:01:50', '2026-03-27 08:01:50');

-- Dumping data for table dbprueba.asistencia: ~60 rows (approximately)
INSERT INTO `asistencia` (`id`, `actividadId`, `alumnoId`, `profesorId`, `estado`, `createdAt`, `updatedAt`) VALUES
	(1, 1, 1, 1, 'presente', '2026-03-27 08:01:50', '2026-03-27 08:01:50'),
	(2, 1, 2, 1, 'tardia', '2026-03-27 08:01:50', '2026-03-27 08:01:50'),
	(3, 1, 3, 1, 'ausente', '2026-03-27 08:01:50', '2026-03-27 08:01:50'),
	(4, 2, 1, 1, 'presente', '2026-03-27 08:01:50', '2026-03-27 08:01:50'),
	(5, 2, 2, 1, 'presente', '2026-03-27 08:01:50', '2026-03-27 08:01:50'),
	(6, 2, 3, 1, 'tardia', '2026-03-27 08:01:50', '2026-03-27 08:01:50'),
	(7, 1, 10, 6, 'presente', '2026-03-27 08:01:50', '2026-03-27 08:01:50'),
	(8, 2, 10, 6, 'presente', '2026-03-27 08:01:50', '2026-03-27 08:01:50'),
	(9, 3, 10, 7, 'presente', '2026-03-27 08:01:50', '2026-03-27 08:01:50'),
	(10, 4, 10, 7, 'presente', '2026-03-27 08:01:50', '2026-03-27 08:01:50'),
	(11, 5, 10, 6, 'presente', '2026-03-27 08:01:50', '2026-03-27 08:01:50'),
	(12, 6, 10, 6, 'presente', '2026-03-27 08:01:50', '2026-03-27 08:01:50'),
	(13, 7, 10, 6, 'presente', '2026-03-27 08:01:50', '2026-03-27 08:01:50'),
	(14, 8, 10, 6, 'presente', '2026-03-27 08:01:50', '2026-03-27 08:01:50'),
	(15, 9, 10, 7, 'presente', '2026-03-27 08:01:50', '2026-03-27 08:01:50'),
	(16, 10, 10, 7, 'presente', '2026-03-27 08:01:50', '2026-03-27 08:01:50'),
	(17, 11, 10, 6, 'presente', '2026-03-27 08:01:50', '2026-03-27 08:01:50'),
	(18, 12, 10, 6, 'presente', '2026-03-27 08:01:50', '2026-03-27 08:01:50'),
	(19, 13, 10, 7, 'presente', '2026-03-27 08:01:50', '2026-03-27 08:01:50'),
	(20, 14, 10, 7, 'presente', '2026-03-27 08:01:50', '2026-03-27 08:01:50'),
	(21, 15, 10, 7, 'presente', '2026-03-27 08:01:50', '2026-03-27 08:01:50'),
	(22, 16, 10, 6, 'presente', '2026-03-27 08:01:50', '2026-03-27 08:01:50'),
	(23, 17, 10, 6, 'presente', '2026-03-27 08:01:50', '2026-03-27 08:01:50'),
	(24, 18, 10, 6, 'presente', '2026-03-27 08:01:50', '2026-03-27 08:01:50'),
	(25, 19, 10, 7, 'presente', '2026-03-27 08:01:50', '2026-03-27 08:01:50'),
	(26, 20, 10, 7, 'presente', '2026-03-27 08:01:50', '2026-03-27 08:01:50'),
	(27, 21, 10, 7, 'presente', '2026-03-27 08:01:50', '2026-03-27 08:01:50'),
	(28, 22, 10, 6, 'presente', '2026-03-27 08:01:50', '2026-03-27 08:01:50'),
	(29, 23, 10, 6, 'presente', '2026-03-27 08:01:50', '2026-03-27 08:01:50'),
	(30, 24, 10, 6, 'presente', '2026-03-27 08:01:50', '2026-03-27 08:01:50'),
	(31, 25, 10, 6, 'presente', '2026-03-27 08:01:50', '2026-03-27 08:01:50'),
	(32, 26, 10, 7, 'presente', '2026-03-27 08:01:50', '2026-03-27 08:01:50'),
	(33, 27, 10, 7, 'presente', '2026-03-27 08:01:50', '2026-03-27 08:01:50'),
	(34, 28, 10, 6, 'presente', '2026-03-27 08:01:50', '2026-03-27 08:01:50'),
	(35, 29, 10, 7, 'presente', '2026-03-27 08:01:50', '2026-03-27 08:01:50'),
	(36, 30, 10, 7, 'presente', '2026-03-27 08:01:50', '2026-03-27 08:01:50'),
	(37, 3, 4, 2, 'presente', '2026-03-27 08:01:50', '2026-03-27 08:01:50'),
	(38, 3, 5, 2, 'ausente', '2026-03-27 08:01:50', '2026-03-27 08:01:50'),
	(39, 3, 6, 2, 'presente', '2026-03-27 08:01:50', '2026-03-27 08:01:50'),
	(40, 4, 4, 2, 'tardia', '2026-03-27 08:01:50', '2026-03-27 08:01:50'),
	(41, 4, 5, 2, 'presente', '2026-03-27 08:01:50', '2026-03-27 08:01:50'),
	(42, 4, 6, 2, 'presente', '2026-03-27 08:01:50', '2026-03-27 08:01:50'),
	(43, 5, 7, 3, 'presente', '2026-03-27 08:01:50', '2026-03-27 08:01:50'),
	(44, 5, 8, 3, 'tardia', '2026-03-27 08:01:50', '2026-03-27 08:01:50'),
	(45, 5, 9, 3, 'presente', '2026-03-27 08:01:50', '2026-03-27 08:01:50'),
	(46, 6, 7, 3, 'ausente', '2026-03-27 08:01:50', '2026-03-27 08:01:50'),
	(47, 6, 8, 3, 'presente', '2026-03-27 08:01:50', '2026-03-27 08:01:50'),
	(48, 6, 9, 3, 'presente', '2026-03-27 08:01:50', '2026-03-27 08:01:50'),
	(49, 7, 10, 6, 'presente', '2026-03-27 08:01:50', '2026-03-27 08:01:50'),
	(50, 7, 11, 6, 'tardia', '2026-03-27 08:01:50', '2026-03-27 08:01:50'),
	(51, 7, 12, 6, 'ausente', '2026-03-27 08:01:50', '2026-03-27 08:01:50'),
	(52, 8, 10, 6, 'presente', '2026-03-27 08:01:50', '2026-03-27 08:01:50'),
	(53, 8, 11, 6, 'presente', '2026-03-27 08:01:50', '2026-03-27 08:01:50'),
	(54, 8, 12, 6, 'tardia', '2026-03-27 08:01:50', '2026-03-27 08:01:50'),
	(55, 9, 13, 7, 'presente', '2026-03-27 08:01:50', '2026-03-27 08:01:50'),
	(56, 9, 14, 7, 'ausente', '2026-03-27 08:01:50', '2026-03-27 08:01:50'),
	(57, 9, 15, 7, 'presente', '2026-03-27 08:01:50', '2026-03-27 08:01:50'),
	(58, 10, 13, 7, 'tardia', '2026-03-27 08:01:50', '2026-03-27 08:01:50'),
	(59, 10, 14, 7, 'presente', '2026-03-27 08:01:50', '2026-03-27 08:01:50'),
	(60, 10, 15, 7, 'presente', '2026-03-27 08:01:50', '2026-03-27 08:01:50');

-- Dumping data for table dbprueba.configs: ~15 rows (approximately)
INSERT INTO `configs` (`id`, `clave`, `valor`, `tipo`, `createdAt`, `updatedAt`) VALUES
	(1, 'maxUsuarios', '25', 'INTEGER', '2026-03-27 08:01:50', '2026-03-27 08:01:50'),
	(2, 'minUsuarios', '10', 'INTEGER', '2026-03-27 08:01:50', '2026-03-27 08:01:50'),
	(3, 'notaMaxima', '100', 'INTEGER', '2026-03-27 08:01:50', '2026-03-27 08:01:50'),
	(4, 'nombreInstitucion', 'Colegio Santa Yasuri', 'STRING', '2026-03-27 08:01:50', '2026-03-27 08:01:50'),
	(5, 'timezone', 'UTC-5', 'STRING', '2026-03-27 08:01:50', '2026-03-27 08:01:50'),
	(6, 'schoolYearStart', '2024-08-01', 'STRING', '2026-03-27 08:01:50', '2026-03-27 08:01:50'),
	(7, 'signupOpen', 'true', 'STRING', '2026-03-27 08:01:50', '2026-03-27 08:01:50'),
	(8, 'maxClassSize', '30', 'INTEGER', '2026-03-27 08:01:50', '2026-03-27 08:01:50'),
	(9, 'minClassSize', '10', 'INTEGER', '2026-03-27 08:01:50', '2026-03-27 08:01:50'),
	(10, 'maxSubjectsPerStudent', '8', 'INTEGER', '2026-03-27 08:01:50', '2026-03-27 08:01:50'),
	(11, 'supportEmail', 'soporte@example.com', 'STRING', '2026-03-27 08:01:50', '2026-03-27 08:01:50'),
	(12, 'defaultLanguage', 'es', 'STRING', '2026-03-27 08:01:50', '2026-03-27 08:01:50'),
	(13, 'dateFormat', 'DD/MM/YYYY', 'STRING', '2026-03-27 08:01:50', '2026-03-27 08:01:50'),
	(14, 'gradingScale', '100', 'INTEGER', '2026-03-27 08:01:50', '2026-03-27 08:01:50'),
	(15, 'attendanceThreshold', '75', 'INTEGER', '2026-03-27 08:01:50', '2026-03-27 08:01:50');

-- Dumping data for table dbprueba.datausers: ~44 rows (approximately)
INSERT INTO `datausers` (`id`, `firstName`, `lastName`, `birthDate`, `genero`, `address`, `telefono`, `userId`, `createdAt`, `updatedAt`) VALUES
	(1, 'Soporte', 'Soporte', '2008-10-10', 'masculino', 'Soporte', '78945612', 1, '2026-03-27 08:01:50', '2026-03-27 08:01:50'),
	(2, 'Lelo', 'Rodríguez', '2008-10-10', 'masculino', 'Calle sin salida #3', '78945612', 2, '2026-03-27 08:01:50', '2026-03-27 08:01:50'),
	(3, 'Joy', 'Mora', '2008-10-10', 'femenino', 'Calle sin salida #5', '78945612', 3, '2026-03-27 08:01:50', '2026-03-27 08:01:50'),
	(4, 'Admin', 'Admin', '2008-10-10', 'masculino', 'Calle sin salida #10', '78945612', 4, '2026-03-27 08:01:50', '2026-03-27 08:01:50'),
	(5, 'Admin2', 'Admin2', '2008-10-10', 'masculino', 'Calle sin salida #11', '78945612', 5, '2026-03-27 08:01:50', '2026-03-27 08:01:50'),
	(6, 'Carlos', 'Gómez', '2008-10-10', 'masculino', 'Calle sin salida #12', '78945612', 6, '2026-03-27 08:01:50', '2026-03-27 08:01:50'),
	(7, 'Ana', 'Pérez', '2008-10-10', 'femenino', 'Calle sin salida #13', '78945612', 7, '2026-03-27 08:01:50', '2026-03-27 08:01:50'),
	(8, 'Mario', 'Encargado', '2008-10-10', 'masculino', 'Calle sin salida #14', '78945612', 8, '2026-03-27 08:01:50', '2026-03-27 08:01:50'),
	(9, 'Lucía', 'Encargada', '2008-10-10', 'femenino', 'Calle sin salida #15', '78945612', 9, '2026-03-27 08:01:50', '2026-03-27 08:01:50'),
	(10, 'Pedro', 'Alumno', '2008-10-10', 'masculino', 'Calle sin salida #16', '78945612', 10, '2026-03-27 08:01:50', '2026-03-27 08:01:50'),
	(11, 'Sofía', 'Alumno', '2008-10-10', 'femenino', 'Calle sin salida #17', '78945612', 11, '2026-03-27 08:01:50', '2026-03-27 08:01:50'),
	(12, 'Andrés', 'Alumno', '2008-10-10', 'masculino', 'Calle sin salida #18', '78945612', 12, '2026-03-27 08:01:50', '2026-03-27 08:01:50'),
	(13, 'Valeria', 'Alumno', '2008-10-10', 'femenino', 'Calle sin salida #19', '78945612', 13, '2026-03-27 08:01:50', '2026-03-27 08:01:50'),
	(14, 'Isaac', 'Flores', '2008-10-10', 'masculino', 'Calle sin salida #2', '78945612', 14, '2026-03-27 08:01:50', '2026-03-27 08:01:50'),
	(15, 'Abigail', 'Rodríguez', '2008-10-10', 'femenino', 'Av. Central #22', '78945699', 15, '2026-03-27 08:01:50', '2026-03-27 08:01:50'),
	(16, 'Alumno16', 'Ejemplo', '2008-10-10', 'masculino', 'Calle Ejemplo #116', '78945116', 16, '2026-03-27 08:01:50', '2026-03-27 08:01:50'),
	(17, 'Alumno17', 'Ejemplo', '2008-10-10', 'femenino', 'Calle Ejemplo #117', '78945117', 17, '2026-03-27 08:01:50', '2026-03-27 08:01:50'),
	(18, 'Alumno18', 'Ejemplo', '2008-10-10', 'masculino', 'Calle Ejemplo #118', '78945118', 18, '2026-03-27 08:01:50', '2026-03-27 08:01:50'),
	(19, 'Alumno19', 'Ejemplo', '2008-10-10', 'femenino', 'Calle Ejemplo #119', '78945119', 19, '2026-03-27 08:01:50', '2026-03-27 08:01:50'),
	(20, 'Alumno20', 'Ejemplo', '2008-10-10', 'masculino', 'Calle Ejemplo #120', '78945120', 20, '2026-03-27 08:01:50', '2026-03-27 08:01:50'),
	(21, 'Alumno21', 'Ejemplo', '2008-10-10', 'femenino', 'Calle Ejemplo #121', '78945121', 21, '2026-03-27 08:01:50', '2026-03-27 08:01:50'),
	(22, 'Alumno22', 'Ejemplo', '2008-10-10', 'masculino', 'Calle Ejemplo #122', '78945122', 22, '2026-03-27 08:01:50', '2026-03-27 08:01:50'),
	(23, 'Alumno23', 'Ejemplo', '2008-10-10', 'femenino', 'Calle Ejemplo #123', '78945123', 23, '2026-03-27 08:01:50', '2026-03-27 08:01:50'),
	(24, 'Alumno24', 'Ejemplo', '2008-10-10', 'masculino', 'Calle Ejemplo #124', '78945124', 24, '2026-03-27 08:01:50', '2026-03-27 08:01:50'),
	(25, 'Alumno25', 'Ejemplo', '2008-10-10', 'femenino', 'Calle Ejemplo #125', '78945125', 25, '2026-03-27 08:01:50', '2026-03-27 08:01:50'),
	(26, 'Alumno26', 'Ejemplo', '2008-10-10', 'masculino', 'Calle Ejemplo #126', '78945126', 26, '2026-03-27 08:01:50', '2026-03-27 08:01:50'),
	(27, 'Alumno27', 'Ejemplo', '2008-10-10', 'femenino', 'Calle Ejemplo #127', '78945127', 27, '2026-03-27 08:01:50', '2026-03-27 08:01:50'),
	(28, 'Alumno28', 'Ejemplo', '2008-10-10', 'masculino', 'Calle Ejemplo #128', '78945128', 28, '2026-03-27 08:01:50', '2026-03-27 08:01:50'),
	(29, 'Alumno29', 'Ejemplo', '2008-10-10', 'femenino', 'Calle Ejemplo #129', '78945129', 29, '2026-03-27 08:01:50', '2026-03-27 08:01:50'),
	(30, 'Alumno30', 'Ejemplo', '2008-10-10', 'masculino', 'Calle Ejemplo #130', '78945130', 30, '2026-03-27 08:01:50', '2026-03-27 08:01:50'),
	(31, 'Alumno31', 'Ejemplo', '2008-10-10', 'femenino', 'Calle Ejemplo #131', '78945131', 31, '2026-03-27 08:01:50', '2026-03-27 08:01:50'),
	(32, 'Alumno32', 'Ejemplo', '2008-10-10', 'masculino', 'Calle Ejemplo #132', '78945132', 32, '2026-03-27 08:01:50', '2026-03-27 08:01:50'),
	(33, 'Alumno33', 'Ejemplo', '2008-10-10', 'femenino', 'Calle Ejemplo #133', '78945133', 33, '2026-03-27 08:01:50', '2026-03-27 08:01:50'),
	(34, 'Alumno34', 'Ejemplo', '2008-10-10', 'masculino', 'Calle Ejemplo #134', '78945134', 34, '2026-03-27 08:01:50', '2026-03-27 08:01:50'),
	(35, 'Alumno35', 'Ejemplo', '2008-10-10', 'femenino', 'Calle Ejemplo #135', '78945135', 35, '2026-03-27 08:01:50', '2026-03-27 08:01:50'),
	(36, 'Alumno36', 'Ejemplo', '2008-10-10', 'masculino', 'Calle Ejemplo #136', '78945136', 36, '2026-03-27 08:01:50', '2026-03-27 08:01:50'),
	(37, 'Alumno37', 'Ejemplo', '2008-10-10', 'femenino', 'Calle Ejemplo #137', '78945137', 37, '2026-03-27 08:01:50', '2026-03-27 08:01:50'),
	(38, 'Alumno38', 'Ejemplo', '2008-10-10', 'masculino', 'Calle Ejemplo #138', '78945138', 38, '2026-03-27 08:01:50', '2026-03-27 08:01:50'),
	(39, 'Alumno39', 'Ejemplo', '2008-10-10', 'femenino', 'Calle Ejemplo #139', '78945139', 39, '2026-03-27 08:01:50', '2026-03-27 08:01:50'),
	(40, 'Alumno40', 'Ejemplo', '2008-10-10', 'masculino', 'Calle Ejemplo #140', '78945140', 40, '2026-03-27 08:01:50', '2026-03-27 08:01:50'),
	(41, '', '', NULL, NULL, '', '', 47, '2026-04-02 20:42:16', '2026-04-02 20:42:16'),
	(42, '', '', NULL, NULL, '', '', 49, '2026-04-05 02:29:31', '2026-04-05 02:29:31'),
	(43, '', '', NULL, NULL, '', '', 51, '2026-04-05 02:37:59', '2026-04-05 02:37:59'),
	(44, '', '', NULL, NULL, '', '', 52, '2026-04-05 02:51:03', '2026-04-05 02:51:03');

-- Dumping data for table dbprueba.encargadoalumnos: ~9 rows (approximately)
INSERT INTO `encargadoalumnos` (`id`, `alumnoId`, `encargadoId`, `createdAt`, `updatedAt`) VALUES
	(1, 10, 8, '2026-03-27 08:01:50', '2026-03-27 08:01:50'),
	(2, 11, 8, '2026-03-27 08:01:50', '2026-03-27 08:01:50'),
	(3, 12, 8, '2026-03-27 08:01:50', '2026-03-27 08:01:50'),
	(4, 13, 9, '2026-03-27 08:01:50', '2026-03-27 08:01:50'),
	(5, 14, 9, '2026-03-27 08:01:50', '2026-03-27 08:01:50'),
	(6, 15, 9, '2026-03-27 08:01:50', '2026-03-27 08:01:50'),
	(7, 17, 16, '2026-03-27 08:01:50', '2026-03-27 08:01:50'),
	(8, 18, 16, '2026-03-27 08:01:50', '2026-03-27 08:01:50'),
	(9, 19, 16, '2026-03-27 08:01:50', '2026-03-27 08:01:50');

-- Dumping data for table dbprueba.errores: ~14 rows (approximately)
INSERT INTO `errores` (`id`, `logErrors`, `estado`, `createdAt`, `updatedAt`) VALUES
	(1, 'TypeError: Cannot read property \'foo\' of undefined\n    at Object.<anonymous> (/src/controllers/test.js:10:15)', 'pendiente', '2026-03-27 08:01:50', '2026-03-27 08:01:50'),
	(2, 'SequelizeDatabaseError: Unknown column \'bar\' in \'field list\'\n    at Query.run (/node_modules/sequelize/lib/dialects/mysql/query.js:52:25)', 'pendiente', '2026-03-27 08:01:50', '2026-03-27 08:01:50'),
	(3, 'ReferenceError: x is not defined\n    at Object.<anonymous> (/src/services/util.js:22:11)', 'pendiente', '2026-03-27 08:01:50', '2026-03-27 08:01:50'),
	(4, 'UnhandledPromiseRejectionWarning: ValidationError: Email is required\n    at User.create (/src/models/user.js:45:13)', 'pendiente', '2026-03-27 08:01:50', '2026-03-27 08:01:50'),
	(5, 'TypeError: Cannot read property \'bar\' of null\n    at /src/controllers/foo.js:15:10', 'pendiente', '2026-03-27 08:01:50', '2026-03-27 08:01:50'),
	(6, 'Error: Connection timed out\n    at Network.request (/src/services/http.js:45:20)', 'pendiente', '2026-03-27 08:01:50', '2026-03-27 08:01:50'),
	(7, 'SyntaxError: Unexpected token < in JSON\n    at JSON.parse (<anonymous>)', 'pendiente', '2026-03-27 08:01:50', '2026-03-27 08:01:50'),
	(8, 'SequelizeUniqueConstraintError: duplicate key value violates unique constraint', 'pendiente', '2026-03-27 08:01:50', '2026-03-27 08:01:50'),
	(9, 'ReferenceError: process is not defined\n    at Object.<anonymous> (/src/index.js:5:3)', 'pendiente', '2026-03-27 08:01:50', '2026-03-27 08:01:50'),
	(10, 'TypeError: Cannot set properties of undefined\n    at Class.method (/src/services/cache.js:30:12)', 'pendiente', '2026-03-27 08:01:50', '2026-03-27 08:01:50'),
	(11, 'Error: ENOENT: no such file or directory, open \'/tmp/data.csv\'', 'pendiente', '2026-03-27 08:01:50', '2026-03-27 08:01:50'),
	(12, 'RangeError: Maximum call stack size exceeded\n    at recursive (/src/utils/rec.js:10:5)', 'pendiente', '2026-03-27 08:01:50', '2026-03-27 08:01:50'),
	(13, 'Warning: Deprecated API used\n    at Module.load (/node:internal/modules:loader:928:11)', 'pendiente', '2026-03-27 08:01:50', '2026-03-27 08:01:50'),
	(14, 'UnhandledPromiseRejectionWarning: Error: Invalid token\n    at auth.verify (/src/middleware/auth.js:40:15)', 'pendiente', '2026-03-27 08:01:50', '2026-03-27 08:01:50');

-- Dumping data for table dbprueba.grados: ~12 rows (approximately)
INSERT INTO `grados` (`id`, `code`, `name`, `level`, `active`, `createdAt`, `updatedAt`) VALUES
	(1, 'G1', 'Grado 1', '1', 1, '2026-03-27 08:01:50', '2026-03-27 08:01:50'),
	(2, 'G2', 'Grado 2', '2', 1, '2026-03-27 08:01:50', '2026-03-27 08:01:50'),
	(3, 'G3', 'Grado 3', '3', 1, '2026-03-27 08:01:50', '2026-03-27 08:01:50'),
	(4, 'G4', 'Grado 4', '4', 1, '2026-03-27 08:01:50', '2026-03-27 08:01:50'),
	(5, 'G5', 'Grado 5', '5', 1, '2026-03-27 08:01:50', '2026-03-27 08:01:50'),
	(6, 'G6', 'Grado 6', '6', 1, '2026-03-27 08:01:50', '2026-03-27 08:01:50'),
	(7, 'G7', 'Grado 7', '7', 1, '2026-03-27 08:01:50', '2026-03-27 08:01:50'),
	(8, 'G8', 'Grado 8', '8', 1, '2026-03-27 08:01:50', '2026-03-27 08:01:50'),
	(9, 'G9', 'Grado 9', '9', 1, '2026-03-27 08:01:50', '2026-03-27 08:01:50'),
	(10, 'G10', 'Grado 10', '10', 1, '2026-03-27 08:01:50', '2026-03-27 08:01:50'),
	(11, 'G11', 'Grado 11', '11', 1, '2026-03-27 08:01:50', '2026-03-27 08:01:50'),
	(12, 'G12', 'Grado 12', '12', 1, '2026-03-27 08:01:50', '2026-03-27 08:01:50');

-- Dumping data for table dbprueba.horarios: ~30 rows (approximately)
INSERT INTO `horarios` (`id`, `periodo`, `seccionId`, `profesorId`, `dia`, `inicio`, `final`, `createdAt`, `updatedAt`) VALUES
	(1, '2026', 1, 6, 'Lunes', '08:00:00', '09:30:00', '2026-03-27 08:01:50', '2026-03-27 08:01:50'),
	(2, '2026', 1, 6, 'Miércoles', '08:00:00', '09:30:00', '2026-03-27 08:01:50', '2026-03-27 08:01:50'),
	(3, '2026', 2, 7, 'Martes', '10:00:00', '11:30:00', '2026-03-27 08:01:50', '2026-03-27 08:01:50'),
	(4, '2026', 2, 7, 'Jueves', '10:00:00', '11:30:00', '2026-03-27 08:01:50', '2026-03-27 08:01:50'),
	(5, '2026', 3, 3, 'Lunes', '08:00:00', '09:30:00', '2026-03-27 08:01:50', '2026-03-27 08:01:50'),
	(6, '2026', 3, 3, 'Viernes', '08:00:00', '09:30:00', '2026-03-27 08:01:50', '2026-03-27 08:01:50'),
	(7, '2026', 4, 6, 'Martes', '09:00:00', '10:30:00', '2026-03-27 08:01:50', '2026-03-27 08:01:50'),
	(8, '2026', 4, 6, 'Jueves', '09:00:00', '10:30:00', '2026-03-27 08:01:50', '2026-03-27 08:01:50'),
	(9, '2026', 5, 7, 'Miércoles', '11:00:00', '12:30:00', '2026-03-27 08:01:50', '2026-03-27 08:01:50'),
	(10, '2026', 5, 7, 'Viernes', '11:00:00', '12:30:00', '2026-03-27 08:01:50', '2026-03-27 08:01:50'),
	(11, '2026', 6, 6, 'Lunes', '13:00:00', '14:30:00', '2026-03-27 08:01:50', '2026-03-27 08:01:50'),
	(12, '2026', 6, 6, 'Miércoles', '13:00:00', '14:30:00', '2026-03-27 08:01:50', '2026-03-27 08:01:50'),
	(13, '2026', 7, 7, 'Martes', '07:30:00', '09:00:00', '2026-03-27 08:01:50', '2026-03-27 08:01:50'),
	(14, '2026', 7, 7, 'Jueves', '07:30:00', '09:00:00', '2026-03-27 08:01:50', '2026-03-27 08:01:50'),
	(15, '2026', 8, 3, 'Lunes', '10:00:00', '11:30:00', '2026-03-27 08:01:50', '2026-03-27 08:01:50'),
	(16, '2026', 8, 3, 'Viernes', '10:00:00', '11:30:00', '2026-03-27 08:01:50', '2026-03-27 08:01:50'),
	(17, '2026', 9, 6, 'Martes', '08:00:00', '09:30:00', '2026-03-27 08:01:50', '2026-03-27 08:01:50'),
	(18, '2026', 9, 6, 'Jueves', '08:00:00', '09:30:00', '2026-03-27 08:01:50', '2026-03-27 08:01:50'),
	(19, '2026', 10, 7, 'Miércoles', '09:00:00', '10:30:00', '2026-03-27 08:01:50', '2026-03-27 08:01:50'),
	(20, '2026', 10, 7, 'Viernes', '09:00:00', '10:30:00', '2026-03-27 08:01:50', '2026-03-27 08:01:50'),
	(21, '2026', 11, 3, 'Lunes', '10:00:00', '11:30:00', '2026-03-27 08:01:50', '2026-03-27 08:01:50'),
	(22, '2026', 11, 3, 'Miércoles', '10:00:00', '11:30:00', '2026-03-27 08:01:50', '2026-03-27 08:01:50'),
	(23, '2026', 12, 6, 'Martes', '12:00:00', '13:30:00', '2026-03-27 08:01:50', '2026-03-27 08:01:50'),
	(24, '2026', 12, 6, 'Jueves', '12:00:00', '13:30:00', '2026-03-27 08:01:50', '2026-03-27 08:01:50'),
	(25, '2026', 13, 7, 'Lunes', '14:00:00', '15:30:00', '2026-03-27 08:01:50', '2026-03-27 08:01:50'),
	(26, '2026', 13, 7, 'Viernes', '14:00:00', '15:30:00', '2026-03-27 08:01:50', '2026-03-27 08:01:50'),
	(27, '2026', 14, 3, 'Martes', '08:30:00', '10:00:00', '2026-03-27 08:01:50', '2026-03-27 08:01:50'),
	(28, '2026', 14, 3, 'Jueves', '08:30:00', '10:00:00', '2026-03-27 08:01:50', '2026-03-27 08:01:50'),
	(29, '2026', 15, 6, 'Miércoles', '15:00:00', '16:30:00', '2026-03-27 08:01:50', '2026-03-27 08:01:50'),
	(30, '2026', 15, 6, 'Viernes', '15:00:00', '16:30:00', '2026-03-27 08:01:50', '2026-03-27 08:01:50');

-- Dumping data for table dbprueba.logs: ~15 rows (approximately)
INSERT INTO `logs` (`id`, `nameTable`, `userId`, `estado`, `valorAnterior`, `valorActual`, `createdAt`, `updatedAt`) VALUES
	(1, 'Notas', 1, 1, '{"Materia":"Ciencias","Nota":"45"}', '{"Materia":"Ciencias","Nota":"75"}', '2026-03-27 08:01:50', '2026-03-27 08:01:50'),
	(2, 'Notas', 2, 0, '{"Materia":"Ciencias","Nota":"45"}', '{"Materia":"Fisica","Nota":"85"}', '2026-03-27 08:01:50', '2026-03-27 08:01:50'),
	(3, 'Actividades', 6, 1, '{"name":"Taller A"}', '{"name":"Taller B"}', '2026-03-27 08:01:50', '2026-03-27 08:01:50'),
	(4, 'Usuarios', 4, 1, '{"active":false}', '{"active":true}', '2026-03-27 08:01:50', '2026-03-27 08:01:50'),
	(5, 'Horarios', 3, 1, '{"inicio":"08:00"}', '{"inicio":"08:30"}', '2026-03-27 08:01:50', '2026-03-27 08:01:50'),
	(6, 'Mensajes', 8, 0, '{"leido":false}', '{"leido":true}', '2026-03-27 08:01:50', '2026-03-27 08:01:50'),
	(7, 'Notas', 6, 1, '{"nota":"70"}', '{"nota":"85"}', '2026-03-27 08:01:50', '2026-03-27 08:01:50'),
	(8, 'Actividades', 7, 1, '{"ubicacion":"Sala 1"}', '{"ubicacion":"Auditorio"}', '2026-03-27 08:01:50', '2026-03-27 08:01:50'),
	(9, 'Secciones', 6, 1, '{"name":"8-1"}', '{"name":"8-1 B"}', '2026-03-27 08:01:50', '2026-03-27 08:01:50'),
	(10, 'Usuarios', 2, 0, '{"roleId":2}', '{"roleId":3}', '2026-03-27 08:01:50', '2026-03-27 08:01:50'),
	(11, 'Materias', 6, 1, '{"name":"Matemáticas"}', '{"name":"Matemáticas Avanzadas"}', '2026-03-27 08:01:50', '2026-03-27 08:01:50'),
	(12, 'Actividades', 3, 0, '{"estado":true}', '{"estado":false}', '2026-03-27 08:01:50', '2026-03-27 08:01:50'),
	(13, 'Mensajes', 10, 1, '{"asunto":"Hola"}', '{"asunto":"Recordatorio"}', '2026-03-27 08:01:50', '2026-03-27 08:01:50'),
	(14, 'Notas', 11, 1, '{"nota":"60"}', '{"nota":"70"}', '2026-03-27 08:01:50', '2026-03-27 08:01:50'),
	(15, 'Horarios', 7, 1, '{"final":"10:00"}', '{"final":"10:30"}', '2026-03-27 08:01:50', '2026-03-27 08:01:50');

-- Dumping data for table dbprueba.materiaprofesors: ~15 rows (approximately)
INSERT INTO `materiaprofesors` (`id`, `materiaId`, `profesorId`, `createdAt`, `updatedAt`) VALUES
	(1, 1, 6, '2026-03-27 08:01:50', '2026-03-27 08:01:50'),
	(2, 2, 7, '2026-03-27 08:01:50', '2026-03-27 08:01:50'),
	(3, 3, 6, '2026-03-27 08:01:50', '2026-03-27 08:01:50'),
	(4, 4, 6, '2026-03-27 08:01:50', '2026-03-27 08:01:50'),
	(5, 5, 7, '2026-03-27 08:01:50', '2026-03-27 08:01:50'),
	(6, 6, 6, '2026-03-27 08:01:50', '2026-03-27 08:01:50'),
	(7, 7, 7, '2026-03-27 08:01:50', '2026-03-27 08:01:50'),
	(8, 8, 6, '2026-03-27 08:01:50', '2026-03-27 08:01:50'),
	(9, 9, 7, '2026-03-27 08:01:50', '2026-03-27 08:01:50'),
	(10, 10, 6, '2026-03-27 08:01:50', '2026-03-27 08:01:50'),
	(11, 11, 7, '2026-03-27 08:01:50', '2026-03-27 08:01:50'),
	(12, 12, 6, '2026-03-27 08:01:50', '2026-03-27 08:01:50'),
	(13, 13, 7, '2026-03-27 08:01:50', '2026-03-27 08:01:50'),
	(14, 14, 6, '2026-03-27 08:01:50', '2026-03-27 08:01:50'),
	(15, 15, 7, '2026-03-27 08:01:50', '2026-03-27 08:01:50');

-- Dumping data for table dbprueba.materias: ~16 rows (approximately)
INSERT INTO `materias` (`id`, `name`, `description`, `gradoId`, `createdAt`, `updatedAt`) VALUES
	(1, 'Matemáticas', 'Estudio de números, álgebra, geometría y cálculo.', 7, '2026-03-27 08:01:50', '2026-03-27 08:01:50'),
	(2, 'Ciencias Naturales', 'Exploración de la biología, química y física básica.', 7, '2026-03-27 08:01:50', '2026-03-27 08:01:50'),
	(3, 'Estudios Sociales', 'Historia, geografía y ciudadanía.', 7, '2026-03-27 08:01:50', '2026-03-27 08:01:50'),
	(4, 'Inglés', 'Lengua extranjera enfocada en comprensión y expresión oral y escrita.', 7, '2026-03-27 08:01:50', '2026-03-27 08:01:50'),
	(5, 'Educación Física', 'Desarrollo físico, coordinación y trabajo en equipo.', 8, '2026-03-27 08:01:50', '2026-03-27 08:01:50'),
	(6, 'Química', 'Conceptos fundamentales de química.', 8, '2026-03-27 08:01:50', '2026-03-27 08:01:50'),
	(7, 'Física', 'Mecánica y termodinámica básica.', 8, '2026-03-27 08:01:50', '2026-03-27 08:01:50'),
	(8, 'Biología', 'Biología celular y ecología.', 9, '2026-03-27 08:01:50', '2026-03-27 08:01:50'),
	(9, 'Historia', 'Historia universal y regional.', 9, '2026-03-27 08:01:50', '2026-03-27 08:01:50'),
	(10, 'Geografía', 'Geografía física y humana.', 9, '2026-03-27 08:01:50', '2026-03-27 08:01:50'),
	(11, 'Arte', 'Expresión plástica y teoría del arte.', 10, '2026-03-27 08:01:50', '2026-03-27 08:01:50'),
	(12, 'Música', 'Fundamentos de música y apreciación.', 10, '2026-03-27 08:01:50', '2026-03-27 08:01:50'),
	(13, 'Tecnología', 'Introducción a la tecnología y computación.', 11, '2026-03-27 08:01:50', '2026-03-27 08:01:50'),
	(14, 'Educación Cívica', 'Formación ciudadana y ética.', 12, '2026-03-27 08:01:50', '2026-03-27 08:01:50'),
	(15, 'Economía', 'Conceptos básicos de economía.', 12, '2026-03-27 08:01:50', '2026-03-27 08:01:50'),
	(16, 'Conducta', 'Comportamiento en clase, participacion, manera de expresarse y respeto demostrado en todo aspecto de la vida estudiantil.', 12, '2026-03-27 08:01:50', '2026-03-27 08:01:50');

-- Dumping data for table dbprueba.mensajereceptors: ~16 rows (approximately)
INSERT INTO `mensajereceptors` (`id`, `mensajeId`, `receptorId`, `leido`, `isArchived`, `fechaLectura`, `createdAt`, `updatedAt`) VALUES
	(1, 1, 3, 0, 0, NULL, '2026-03-27 08:01:50', '2026-03-27 08:01:50'),
	(2, 1, 5, 0, 0, NULL, '2026-03-27 08:01:50', '2026-03-27 08:01:50'),
	(3, 1, 4, 0, 0, NULL, '2026-03-27 08:01:50', '2026-03-27 08:01:50'),
	(4, 1, 6, 0, 0, NULL, '2026-03-27 08:01:50', '2026-03-27 08:01:50'),
	(5, 2, 3, 0, 1, NULL, '2026-03-27 08:01:50', '2026-03-27 08:01:50'),
	(6, 2, 8, 0, 0, NULL, '2026-03-27 08:01:50', '2026-03-27 08:01:50'),
	(7, 2, 7, 0, 0, NULL, '2026-03-27 08:01:50', '2026-03-27 08:01:50'),
	(8, 2, 5, 0, 0, NULL, '2026-03-27 08:01:50', '2026-03-27 08:01:50'),
	(9, 2, 1, 0, 0, NULL, '2026-03-27 08:01:50', '2026-03-27 08:01:50'),
	(10, 2, 4, 0, 1, NULL, '2026-03-27 08:01:50', '2026-03-27 08:01:50'),
	(11, 3, 10, 0, 0, NULL, '2026-03-27 08:01:50', '2026-03-27 08:01:50'),
	(12, 3, 11, 0, 0, NULL, '2026-03-27 08:01:50', '2026-03-27 08:01:50'),
	(13, 3, 12, 0, 0, NULL, '2026-03-27 08:01:50', '2026-03-27 08:01:50'),
	(14, 3, 13, 0, 0, NULL, '2026-03-27 08:01:50', '2026-03-27 08:01:50'),
	(15, 3, 14, 0, 0, NULL, '2026-03-27 08:01:50', '2026-03-27 08:01:50'),
	(16, 16, 15, 0, 0, NULL, '2026-03-27 08:01:50', '2026-03-27 08:01:50');

-- Dumping data for table dbprueba.mensajes: ~16 rows (approximately)
INSERT INTO `mensajes` (`id`, `periodo`, `asunto`, `mensaje`, `emisorId`, `isReaded`, `isArchived`, `fechaEnvio`, `createdAt`, `updatedAt`) VALUES
	(1, '2026', 'Reunión de padres', 'Hola, te escribo para confirmar la reunión del viernes a las 10am.', 8, 0, 0, '2026-01-10 15:30:00', '2026-03-27 08:01:50', '2026-03-27 08:01:50'),
	(2, '2026', 'Consulta sobre tareas', '¿Podrías enviarme las tareas pendientes de esta semana?', 10, 0, 0, '2026-01-11 21:00:00', '2026-03-27 08:01:50', '2026-03-27 08:01:50'),
	(3, '2026', 'Recordatorio de entrega', 'No olvides entregar el informe antes del viernes.', 6, 0, 0, '2026-01-12 16:15:00', '2026-03-27 08:01:50', '2026-03-27 08:01:50'),
	(4, '2026', 'Cambio de horario', 'La clase del martes cambia a las 10:30.', 6, 0, 0, '2026-01-13 17:00:00', '2026-03-27 08:01:50', '2026-03-27 08:01:50'),
	(5, '2026', 'Salida escolar', 'Salida al museo el próximo jueves.', 7, 0, 0, '2026-01-14 16:00:00', '2026-03-27 08:01:50', '2026-03-27 08:01:50'),
	(6, '2026', 'Tarea adicional', 'Adjunto material para el proyecto.', 6, 0, 0, '2026-01-15 18:30:00', '2026-03-27 08:01:50', '2026-03-27 08:01:50'),
	(7, '2026', 'Aviso administrativo', 'Pago de matrícula disponible.', 4, 0, 0, '2026-01-16 15:45:00', '2026-03-27 08:01:50', '2026-03-27 08:01:50'),
	(8, '2026', 'Recordatorio examen', 'El examen es este viernes.', 7, 0, 0, '2026-01-17 14:30:00', '2026-03-27 08:01:50', '2026-03-27 08:01:50'),
	(9, '2026', 'Reunión de equipo', 'Reunión de profesores a las 15:00.', 3, 0, 0, '2026-01-18 20:00:00', '2026-03-27 08:01:50', '2026-03-27 08:01:50'),
	(10, '2026', 'Cambio de aula', 'La clase de hoy será en el aula 12.', 6, 0, 0, '2026-01-19 15:30:00', '2026-03-27 08:01:50', '2026-03-27 08:01:50'),
	(11, '2026', 'Material extra', 'Subí lecturas adicionales.', 6, 0, 0, '2026-01-20 16:15:00', '2026-03-27 08:01:50', '2026-03-27 08:01:50'),
	(12, '2026', 'Encuesta', 'Completa la encuesta de evaluación.', 4, 0, 0, '2026-01-21 17:00:00', '2026-03-27 08:01:50', '2026-03-27 08:01:50'),
	(13, '2026', 'Cierre de actividades', 'Recordatorio: cierre del trimestre.', 5, 0, 0, '2026-01-22 21:20:00', '2026-03-27 08:01:50', '2026-03-27 08:01:50'),
	(14, '2026', 'Horario especial', 'Horario especial por feria.', 7, 0, 0, '2026-01-23 15:00:00', '2026-03-27 08:01:50', '2026-03-27 08:01:50'),
	(15, '2026', 'Felicitaciones', 'Felicitaciones por el proyecto entregado.', 6, 0, 0, '2026-01-24 19:00:00', '2026-03-27 08:01:50', '2026-03-27 08:01:50'),
	(16, '2026', 'Reunión de padres', 'Hola, la semana que viene tendremos repaso.', 8, 0, 0, NULL, '2026-03-27 08:01:50', '2026-03-27 08:01:50');

-- Dumping data for table dbprueba.notas: ~92 rows (approximately)
INSERT INTO `notas` (`id`, `periodo`, `alumnoId`, `materiaId`, `usuarioId`, `tipoId`, `nota`, `createdAt`, `updatedAt`) VALUES
	(1, '2026', 10, 1, 6, 1, 86, '2026-03-27 08:01:50', '2026-03-27 08:01:50'),
	(2, '2026', 10, 1, 6, 2, 87, '2026-03-27 08:01:50', '2026-03-27 08:01:50'),
	(3, '2026', 10, 2, 7, 4, 92, '2026-03-27 08:01:50', '2026-03-27 08:01:50'),
	(4, '2026', 10, 3, 6, 3, 78, '2026-03-27 08:01:50', '2026-03-27 08:01:50'),
	(5, '2026', 10, 4, 6, 1, 88, '2026-03-27 08:01:50', '2026-03-27 08:01:50'),
	(6, '2026', 10, 5, 7, 2, 80, '2026-03-27 08:01:50', '2026-03-27 08:01:50'),
	(7, '2026', 10, 6, 6, 3, 91, '2026-03-27 08:01:50', '2026-03-27 08:01:50'),
	(8, '2026', 10, 7, 7, 4, 77, '2026-03-27 08:01:50', '2026-03-27 08:01:50'),
	(9, '2026', 10, 8, 6, 1, 84, '2026-03-27 08:01:50', '2026-03-27 08:01:50'),
	(10, '2026', 10, 9, 7, 2, 88, '2026-03-27 08:01:50', '2026-03-27 08:01:50'),
	(11, '2026', 10, 10, 6, 3, 93, '2026-03-27 08:01:50', '2026-03-27 08:01:50'),
	(12, '2026', 10, 11, 7, 4, 78, '2026-03-27 08:01:50', '2026-03-27 08:01:50'),
	(13, '2026', 10, 12, 6, 1, 90, '2026-03-27 08:01:50', '2026-03-27 08:01:50'),
	(14, '2026', 10, 13, 7, 2, 82, '2026-03-27 08:01:50', '2026-03-27 08:01:50'),
	(15, '2026', 10, 14, 6, 3, 78, '2026-03-27 08:01:50', '2026-03-27 08:01:50'),
	(16, '2026', 10, 15, 7, 4, 94, '2026-03-27 08:01:50', '2026-03-27 08:01:50'),
	(17, '2026', 11, 1, 6, 1, 86, '2026-03-27 08:01:50', '2026-03-27 08:01:50'),
	(18, '2026', 11, 1, 6, 2, 87, '2026-03-27 08:01:50', '2026-03-27 08:01:50'),
	(19, '2026', 11, 2, 7, 4, 92, '2026-03-27 08:01:50', '2026-03-27 08:01:50'),
	(20, '2026', 11, 3, 6, 3, 78, '2026-03-27 08:01:50', '2026-03-27 08:01:50'),
	(21, '2026', 12, 4, 6, 1, 88, '2026-03-27 08:01:50', '2026-03-27 08:01:50'),
	(22, '2026', 12, 5, 7, 2, 80, '2026-03-27 08:01:50', '2026-03-27 08:01:50'),
	(23, '2026', 13, 6, 6, 3, 91, '2026-03-27 08:01:50', '2026-03-27 08:01:50'),
	(24, '2026', 13, 7, 7, 4, 77, '2026-03-27 08:01:50', '2026-03-27 08:01:50'),
	(25, '2026', 14, 8, 6, 1, 84, '2026-03-27 08:01:50', '2026-03-27 08:01:50'),
	(26, '2026', 15, 9, 7, 2, 88, '2026-03-27 08:01:50', '2026-03-27 08:01:50'),
	(27, '2026', 16, 10, 6, 3, 93, '2026-03-27 08:01:50', '2026-03-27 08:01:50'),
	(28, '2026', 17, 1, 6, 1, 88, '2026-03-27 08:01:50', '2026-03-27 08:01:50'),
	(29, '2026', 18, 2, 7, 2, 80, '2026-03-27 08:01:50', '2026-03-27 08:01:50'),
	(30, '2026', 19, 3, 6, 3, 91, '2026-03-27 08:01:50', '2026-03-27 08:01:50'),
	(31, '2026', 20, 4, 7, 4, 87, '2026-03-27 08:01:50', '2026-03-27 08:01:50'),
	(32, '2026', 21, 5, 6, 1, 90, '2026-03-27 08:01:50', '2026-03-27 08:01:50'),
	(33, '2026', 22, 6, 7, 2, 82, '2026-03-27 08:01:50', '2026-03-27 08:01:50'),
	(34, '2026', 23, 7, 6, 3, 78, '2026-03-27 08:01:50', '2026-03-27 08:01:50'),
	(35, '2026', 24, 8, 7, 4, 94, '2026-03-27 08:01:50', '2026-03-27 08:01:50'),
	(36, '2026', 25, 9, 6, 1, 89, '2026-03-27 08:01:50', '2026-03-27 08:01:50'),
	(37, '2026', 26, 10, 7, 2, 79, '2026-03-27 08:01:50', '2026-03-27 08:01:50'),
	(38, '2026', 27, 11, 6, 3, 85, '2026-03-27 08:01:50', '2026-03-27 08:01:50'),
	(39, '2026', 28, 12, 7, 4, 92, '2026-03-27 08:01:50', '2026-03-27 08:01:50'),
	(40, '2026', 29, 13, 6, 1, 89, '2026-03-27 08:01:50', '2026-03-27 08:01:50'),
	(41, '2026', 30, 14, 7, 2, 76, '2026-03-27 08:01:50', '2026-03-27 08:01:50'),
	(42, '2026', 31, 15, 6, 3, 92, '2026-03-27 08:01:50', '2026-03-27 08:01:50'),
	(43, '2026', 32, 1, 6, 4, 85, '2026-03-27 08:01:50', '2026-03-27 08:01:50'),
	(44, '2026', 33, 2, 7, 1, 90, '2026-03-27 08:01:50', '2026-03-27 08:01:50'),
	(45, '2026', 34, 3, 6, 2, 87, '2026-03-27 08:01:50', '2026-03-27 08:01:50'),
	(46, '2026', 35, 4, 7, 3, 80, '2026-03-27 08:01:50', '2026-03-27 08:01:50'),
	(47, '2026', 36, 5, 6, 4, 93, '2026-03-27 08:01:50', '2026-03-27 08:01:50'),
	(48, '2026', 37, 6, 6, 1, 88, '2026-03-27 08:01:50', '2026-03-27 08:01:50'),
	(49, '2026', 38, 7, 7, 2, 82, '2026-03-27 08:01:50', '2026-03-27 08:01:50'),
	(50, '2026', 39, 8, 6, 3, 90, '2026-03-27 08:01:50', '2026-03-27 08:01:50'),
	(51, '2026', 40, 9, 7, 4, 77, '2026-03-27 08:01:50', '2026-03-27 08:01:50'),
	(52, '2026', 41, 10, 6, 1, 93, '2026-03-27 08:01:50', '2026-03-27 08:01:50'),
	(53, '2026', 42, 11, 7, 2, 86, '2026-03-27 08:01:50', '2026-03-27 08:01:50'),
	(54, '2026', 43, 12, 6, 3, 90, '2026-03-27 08:01:50', '2026-03-27 08:01:50'),
	(55, '2026', 44, 13, 7, 4, 78, '2026-03-27 08:01:50', '2026-03-27 08:01:50'),
	(56, '2026', 45, 14, 6, 3, 92, '2026-03-27 08:01:50', '2026-03-27 08:01:50'),
	(57, '2026', 10, 16, 6, 16, 10, '2026-03-27 08:01:50', '2026-03-27 08:01:50'),
	(58, '2026', 11, 16, 6, 16, 10, '2026-03-27 08:01:50', '2026-03-27 08:01:50'),
	(59, '2026', 12, 16, 6, 16, 9, '2026-03-27 08:01:50', '2026-03-27 08:01:50'),
	(60, '2026', 13, 16, 7, 16, 10, '2026-03-27 08:01:50', '2026-03-27 08:01:50'),
	(61, '2026', 14, 16, 7, 16, 10, '2026-03-27 08:01:50', '2026-03-27 08:01:50'),
	(62, '2026', 15, 16, 6, 16, 9, '2026-03-27 08:01:50', '2026-03-27 08:01:50'),
	(63, '2026', 16, 16, 7, 16, 9, '2026-03-27 08:01:50', '2026-03-27 08:01:50'),
	(64, '2026', 17, 16, 6, 16, 10, '2026-03-27 08:01:50', '2026-03-27 08:01:50'),
	(65, '2026', 18, 16, 7, 16, 9, '2026-03-27 08:01:50', '2026-03-27 08:01:50'),
	(66, '2026', 19, 16, 6, 16, 9, '2026-03-27 08:01:50', '2026-03-27 08:01:50'),
	(67, '2026', 20, 16, 7, 16, 10, '2026-03-27 08:01:50', '2026-03-27 08:01:50'),
	(68, '2026', 21, 16, 6, 16, 10, '2026-03-27 08:01:50', '2026-03-27 08:01:50'),
	(69, '2026', 22, 16, 7, 16, 9, '2026-03-27 08:01:50', '2026-03-27 08:01:50'),
	(70, '2026', 23, 16, 6, 16, 9, '2026-03-27 08:01:50', '2026-03-27 08:01:50'),
	(71, '2026', 24, 16, 7, 16, 10, '2026-03-27 08:01:50', '2026-03-27 08:01:50'),
	(72, '2026', 25, 16, 6, 16, 10, '2026-03-27 08:01:50', '2026-03-27 08:01:50'),
	(73, '2026', 26, 16, 7, 16, 9, '2026-03-27 08:01:50', '2026-03-27 08:01:50'),
	(74, '2026', 27, 16, 6, 16, 9, '2026-03-27 08:01:50', '2026-03-27 08:01:50'),
	(75, '2026', 28, 16, 7, 16, 10, '2026-03-27 08:01:50', '2026-03-27 08:01:50'),
	(76, '2026', 29, 16, 6, 16, 10, '2026-03-27 08:01:50', '2026-03-27 08:01:50'),
	(77, '2026', 30, 16, 7, 16, 9, '2026-03-27 08:01:50', '2026-03-27 08:01:50'),
	(78, '2026', 31, 16, 6, 16, 9, '2026-03-27 08:01:50', '2026-03-27 08:01:50'),
	(79, '2026', 32, 16, 6, 16, 10, '2026-03-27 08:01:50', '2026-03-27 08:01:50'),
	(80, '2026', 33, 16, 7, 16, 10, '2026-03-27 08:01:50', '2026-03-27 08:01:50'),
	(81, '2026', 34, 16, 6, 16, 9, '2026-03-27 08:01:50', '2026-03-27 08:01:50'),
	(82, '2026', 35, 16, 7, 16, 9, '2026-03-27 08:01:50', '2026-03-27 08:01:50'),
	(83, '2026', 36, 16, 6, 16, 10, '2026-03-27 08:01:50', '2026-03-27 08:01:50'),
	(84, '2026', 37, 16, 6, 16, 10, '2026-03-27 08:01:50', '2026-03-27 08:01:50'),
	(85, '2026', 38, 16, 7, 16, 9, '2026-03-27 08:01:50', '2026-03-27 08:01:50'),
	(86, '2026', 39, 16, 6, 16, 9, '2026-03-27 08:01:50', '2026-03-27 08:01:50'),
	(87, '2026', 40, 16, 7, 16, 10, '2026-03-27 08:01:50', '2026-03-27 08:01:50'),
	(88, '2026', 41, 16, 6, 16, 10, '2026-03-27 08:01:50', '2026-03-27 08:01:50'),
	(89, '2026', 42, 16, 7, 16, 9, '2026-03-27 08:01:50', '2026-03-27 08:01:50'),
	(90, '2026', 43, 16, 6, 16, 9, '2026-03-27 08:01:50', '2026-03-27 08:01:50'),
	(91, '2026', 44, 16, 7, 16, 10, '2026-03-27 08:01:50', '2026-03-27 08:01:50'),
	(92, '2026', 45, 16, 6, 16, 10, '2026-03-27 08:01:50', '2026-03-27 08:01:50');

-- Dumping data for table dbprueba.roles: ~5 rows (approximately)
INSERT INTO `roles` (`id`, `nombre`, `descripcion`, `modulos`, `createdAt`, `updatedAt`) VALUES
	(1, 'alumno', 'alumno', '[41,42,43,44]', '2026-03-27 08:01:50', '2026-03-27 08:01:50'),
	(2, 'encargado', 'encargado', '[31,32,33,34]', '2026-03-27 08:01:50', '2026-03-27 08:01:50'),
	(3, 'profesor', 'profesor', '[21,22,23,24,25,26]', '2026-03-27 08:01:50', '2026-03-27 08:01:50'),
	(4, 'admin1', 'administrador', '[11,12,13,14,15,16,17,18,19]', '2026-03-27 08:01:50', '2026-03-27 08:01:50'),
	(5, 'admin007', 'soporte', '[1,2,3,4,5,6,7,8,9,10]', '2026-03-27 08:01:50', '2026-03-27 08:01:50');

-- Dumping data for table dbprueba.seccionalumnos: ~150 rows (approximately)
INSERT INTO `seccionalumnos` (`id`, `periodo`, `seccionId`, `alumnoId`, `createdAt`, `updatedAt`) VALUES
	(1, '2026', 1, 1, '2026-03-27 08:01:50', '2026-03-27 08:01:50'),
	(2, '2026', 1, 2, '2026-03-27 08:01:50', '2026-03-27 08:01:50'),
	(3, '2026', 1, 3, '2026-03-27 08:01:50', '2026-03-27 08:01:50'),
	(4, '2026', 1, 4, '2026-03-27 08:01:50', '2026-03-27 08:01:50'),
	(5, '2026', 1, 5, '2026-03-27 08:01:50', '2026-03-27 08:01:50'),
	(6, '2026', 1, 6, '2026-03-27 08:01:50', '2026-03-27 08:01:50'),
	(7, '2026', 1, 7, '2026-03-27 08:01:50', '2026-03-27 08:01:50'),
	(8, '2026', 1, 8, '2026-03-27 08:01:50', '2026-03-27 08:01:50'),
	(9, '2026', 1, 9, '2026-03-27 08:01:50', '2026-03-27 08:01:50'),
	(10, '2026', 1, 10, '2026-03-27 08:01:50', '2026-03-27 08:01:50'),
	(11, '2026', 2, 11, '2026-03-27 08:01:50', '2026-03-27 08:01:50'),
	(12, '2026', 2, 12, '2026-03-27 08:01:50', '2026-03-27 08:01:50'),
	(13, '2026', 2, 13, '2026-03-27 08:01:50', '2026-03-27 08:01:50'),
	(14, '2026', 2, 14, '2026-03-27 08:01:50', '2026-03-27 08:01:50'),
	(15, '2026', 2, 15, '2026-03-27 08:01:50', '2026-03-27 08:01:50'),
	(16, '2026', 2, 16, '2026-03-27 08:01:50', '2026-03-27 08:01:50'),
	(17, '2026', 2, 17, '2026-03-27 08:01:50', '2026-03-27 08:01:50'),
	(18, '2026', 2, 18, '2026-03-27 08:01:50', '2026-03-27 08:01:50'),
	(19, '2026', 2, 19, '2026-03-27 08:01:50', '2026-03-27 08:01:50'),
	(20, '2026', 2, 20, '2026-03-27 08:01:50', '2026-03-27 08:01:50'),
	(21, '2026', 3, 21, '2026-03-27 08:01:50', '2026-03-27 08:01:50'),
	(22, '2026', 3, 22, '2026-03-27 08:01:50', '2026-03-27 08:01:50'),
	(23, '2026', 3, 23, '2026-03-27 08:01:50', '2026-03-27 08:01:50'),
	(24, '2026', 3, 24, '2026-03-27 08:01:50', '2026-03-27 08:01:50'),
	(25, '2026', 3, 25, '2026-03-27 08:01:50', '2026-03-27 08:01:50'),
	(26, '2026', 3, 26, '2026-03-27 08:01:50', '2026-03-27 08:01:50'),
	(27, '2026', 3, 27, '2026-03-27 08:01:50', '2026-03-27 08:01:50'),
	(28, '2026', 3, 28, '2026-03-27 08:01:50', '2026-03-27 08:01:50'),
	(29, '2026', 3, 29, '2026-03-27 08:01:50', '2026-03-27 08:01:50'),
	(30, '2026', 3, 30, '2026-03-27 08:01:50', '2026-03-27 08:01:50'),
	(31, '2026', 4, 31, '2026-03-27 08:01:50', '2026-03-27 08:01:50'),
	(32, '2026', 4, 32, '2026-03-27 08:01:50', '2026-03-27 08:01:50'),
	(33, '2026', 4, 33, '2026-03-27 08:01:50', '2026-03-27 08:01:50'),
	(34, '2026', 4, 34, '2026-03-27 08:01:50', '2026-03-27 08:01:50'),
	(35, '2026', 4, 35, '2026-03-27 08:01:50', '2026-03-27 08:01:50'),
	(36, '2026', 4, 36, '2026-03-27 08:01:50', '2026-03-27 08:01:50'),
	(37, '2026', 4, 37, '2026-03-27 08:01:50', '2026-03-27 08:01:50'),
	(38, '2026', 4, 38, '2026-03-27 08:01:50', '2026-03-27 08:01:50'),
	(39, '2026', 4, 39, '2026-03-27 08:01:50', '2026-03-27 08:01:50'),
	(40, '2026', 4, 40, '2026-03-27 08:01:50', '2026-03-27 08:01:50'),
	(41, '2026', 5, 41, '2026-03-27 08:01:50', '2026-03-27 08:01:50'),
	(42, '2026', 5, 42, '2026-03-27 08:01:50', '2026-03-27 08:01:50'),
	(43, '2026', 5, 43, '2026-03-27 08:01:50', '2026-03-27 08:01:50'),
	(44, '2026', 5, 44, '2026-03-27 08:01:50', '2026-03-27 08:01:50'),
	(45, '2026', 5, 45, '2026-03-27 08:01:50', '2026-03-27 08:01:50'),
	(46, '2026', 5, 46, '2026-03-27 08:01:50', '2026-03-27 08:01:50'),
	(47, '2026', 5, 47, '2026-03-27 08:01:50', '2026-03-27 08:01:50'),
	(48, '2026', 5, 48, '2026-03-27 08:01:50', '2026-03-27 08:01:50'),
	(49, '2026', 5, 49, '2026-03-27 08:01:50', '2026-03-27 08:01:50'),
	(50, '2026', 5, 50, '2026-03-27 08:01:50', '2026-03-27 08:01:50'),
	(51, '2026', 6, 51, '2026-03-27 08:01:50', '2026-03-27 08:01:50'),
	(52, '2026', 6, 52, '2026-03-27 08:01:50', '2026-03-27 08:01:50'),
	(53, '2026', 6, 53, '2026-03-27 08:01:50', '2026-03-27 08:01:50'),
	(54, '2026', 6, 54, '2026-03-27 08:01:50', '2026-03-27 08:01:50'),
	(55, '2026', 6, 55, '2026-03-27 08:01:50', '2026-03-27 08:01:50'),
	(56, '2026', 6, 56, '2026-03-27 08:01:50', '2026-03-27 08:01:50'),
	(57, '2026', 6, 57, '2026-03-27 08:01:50', '2026-03-27 08:01:50'),
	(58, '2026', 6, 58, '2026-03-27 08:01:50', '2026-03-27 08:01:50'),
	(59, '2026', 6, 59, '2026-03-27 08:01:50', '2026-03-27 08:01:50'),
	(60, '2026', 6, 60, '2026-03-27 08:01:50', '2026-03-27 08:01:50'),
	(61, '2026', 7, 61, '2026-03-27 08:01:50', '2026-03-27 08:01:50'),
	(62, '2026', 7, 62, '2026-03-27 08:01:50', '2026-03-27 08:01:50'),
	(63, '2026', 7, 63, '2026-03-27 08:01:50', '2026-03-27 08:01:50'),
	(64, '2026', 7, 64, '2026-03-27 08:01:50', '2026-03-27 08:01:50'),
	(65, '2026', 7, 65, '2026-03-27 08:01:50', '2026-03-27 08:01:50'),
	(66, '2026', 7, 66, '2026-03-27 08:01:50', '2026-03-27 08:01:50'),
	(67, '2026', 7, 67, '2026-03-27 08:01:50', '2026-03-27 08:01:50'),
	(68, '2026', 7, 68, '2026-03-27 08:01:50', '2026-03-27 08:01:50'),
	(69, '2026', 7, 69, '2026-03-27 08:01:50', '2026-03-27 08:01:50'),
	(70, '2026', 7, 70, '2026-03-27 08:01:50', '2026-03-27 08:01:50'),
	(71, '2026', 8, 71, '2026-03-27 08:01:50', '2026-03-27 08:01:50'),
	(72, '2026', 8, 72, '2026-03-27 08:01:50', '2026-03-27 08:01:50'),
	(73, '2026', 8, 73, '2026-03-27 08:01:50', '2026-03-27 08:01:50'),
	(74, '2026', 8, 74, '2026-03-27 08:01:50', '2026-03-27 08:01:50'),
	(75, '2026', 8, 75, '2026-03-27 08:01:50', '2026-03-27 08:01:50'),
	(76, '2026', 8, 76, '2026-03-27 08:01:50', '2026-03-27 08:01:50'),
	(77, '2026', 8, 77, '2026-03-27 08:01:50', '2026-03-27 08:01:50'),
	(78, '2026', 8, 78, '2026-03-27 08:01:50', '2026-03-27 08:01:50'),
	(79, '2026', 8, 79, '2026-03-27 08:01:50', '2026-03-27 08:01:50'),
	(80, '2026', 8, 80, '2026-03-27 08:01:50', '2026-03-27 08:01:50'),
	(81, '2026', 9, 81, '2026-03-27 08:01:50', '2026-03-27 08:01:50'),
	(82, '2026', 9, 82, '2026-03-27 08:01:50', '2026-03-27 08:01:50'),
	(83, '2026', 9, 83, '2026-03-27 08:01:50', '2026-03-27 08:01:50'),
	(84, '2026', 9, 84, '2026-03-27 08:01:50', '2026-03-27 08:01:50'),
	(85, '2026', 9, 85, '2026-03-27 08:01:50', '2026-03-27 08:01:50'),
	(86, '2026', 9, 86, '2026-03-27 08:01:50', '2026-03-27 08:01:50'),
	(87, '2026', 9, 87, '2026-03-27 08:01:50', '2026-03-27 08:01:50'),
	(88, '2026', 9, 88, '2026-03-27 08:01:50', '2026-03-27 08:01:50'),
	(89, '2026', 9, 89, '2026-03-27 08:01:50', '2026-03-27 08:01:50'),
	(90, '2026', 9, 90, '2026-03-27 08:01:50', '2026-03-27 08:01:50'),
	(91, '2026', 10, 91, '2026-03-27 08:01:50', '2026-03-27 08:01:50'),
	(92, '2026', 10, 92, '2026-03-27 08:01:50', '2026-03-27 08:01:50'),
	(93, '2026', 10, 93, '2026-03-27 08:01:50', '2026-03-27 08:01:50'),
	(94, '2026', 10, 94, '2026-03-27 08:01:50', '2026-03-27 08:01:50'),
	(95, '2026', 10, 95, '2026-03-27 08:01:50', '2026-03-27 08:01:50'),
	(96, '2026', 10, 96, '2026-03-27 08:01:50', '2026-03-27 08:01:50'),
	(97, '2026', 10, 97, '2026-03-27 08:01:50', '2026-03-27 08:01:50'),
	(98, '2026', 10, 98, '2026-03-27 08:01:50', '2026-03-27 08:01:50'),
	(99, '2026', 10, 99, '2026-03-27 08:01:50', '2026-03-27 08:01:50'),
	(100, '2026', 10, 100, '2026-03-27 08:01:50', '2026-03-27 08:01:50'),
	(101, '2026', 11, 101, '2026-03-27 08:01:50', '2026-03-27 08:01:50'),
	(102, '2026', 11, 102, '2026-03-27 08:01:50', '2026-03-27 08:01:50'),
	(103, '2026', 11, 103, '2026-03-27 08:01:50', '2026-03-27 08:01:50'),
	(104, '2026', 11, 104, '2026-03-27 08:01:50', '2026-03-27 08:01:50'),
	(105, '2026', 11, 105, '2026-03-27 08:01:50', '2026-03-27 08:01:50'),
	(106, '2026', 11, 106, '2026-03-27 08:01:50', '2026-03-27 08:01:50'),
	(107, '2026', 11, 107, '2026-03-27 08:01:50', '2026-03-27 08:01:50'),
	(108, '2026', 11, 108, '2026-03-27 08:01:50', '2026-03-27 08:01:50'),
	(109, '2026', 11, 109, '2026-03-27 08:01:50', '2026-03-27 08:01:50'),
	(110, '2026', 11, 110, '2026-03-27 08:01:50', '2026-03-27 08:01:50'),
	(111, '2026', 12, 111, '2026-03-27 08:01:50', '2026-03-27 08:01:50'),
	(112, '2026', 12, 112, '2026-03-27 08:01:50', '2026-03-27 08:01:50'),
	(113, '2026', 12, 113, '2026-03-27 08:01:50', '2026-03-27 08:01:50'),
	(114, '2026', 12, 114, '2026-03-27 08:01:50', '2026-03-27 08:01:50'),
	(115, '2026', 12, 115, '2026-03-27 08:01:50', '2026-03-27 08:01:50'),
	(116, '2026', 12, 116, '2026-03-27 08:01:50', '2026-03-27 08:01:50'),
	(117, '2026', 12, 117, '2026-03-27 08:01:50', '2026-03-27 08:01:50'),
	(118, '2026', 12, 118, '2026-03-27 08:01:50', '2026-03-27 08:01:50'),
	(119, '2026', 12, 119, '2026-03-27 08:01:50', '2026-03-27 08:01:50'),
	(120, '2026', 12, 120, '2026-03-27 08:01:50', '2026-03-27 08:01:50'),
	(121, '2026', 13, 121, '2026-03-27 08:01:50', '2026-03-27 08:01:50'),
	(122, '2026', 13, 122, '2026-03-27 08:01:50', '2026-03-27 08:01:50'),
	(123, '2026', 13, 123, '2026-03-27 08:01:50', '2026-03-27 08:01:50'),
	(124, '2026', 13, 124, '2026-03-27 08:01:50', '2026-03-27 08:01:50'),
	(125, '2026', 13, 125, '2026-03-27 08:01:50', '2026-03-27 08:01:50'),
	(126, '2026', 13, 126, '2026-03-27 08:01:50', '2026-03-27 08:01:50'),
	(127, '2026', 13, 127, '2026-03-27 08:01:50', '2026-03-27 08:01:50'),
	(128, '2026', 13, 128, '2026-03-27 08:01:50', '2026-03-27 08:01:50'),
	(129, '2026', 13, 129, '2026-03-27 08:01:50', '2026-03-27 08:01:50'),
	(130, '2026', 13, 130, '2026-03-27 08:01:50', '2026-03-27 08:01:50'),
	(131, '2026', 14, 131, '2026-03-27 08:01:50', '2026-03-27 08:01:50'),
	(132, '2026', 14, 132, '2026-03-27 08:01:50', '2026-03-27 08:01:50'),
	(133, '2026', 14, 133, '2026-03-27 08:01:50', '2026-03-27 08:01:50'),
	(134, '2026', 14, 134, '2026-03-27 08:01:50', '2026-03-27 08:01:50'),
	(135, '2026', 14, 135, '2026-03-27 08:01:50', '2026-03-27 08:01:50'),
	(136, '2026', 14, 136, '2026-03-27 08:01:50', '2026-03-27 08:01:50'),
	(137, '2026', 14, 137, '2026-03-27 08:01:50', '2026-03-27 08:01:50'),
	(138, '2026', 14, 138, '2026-03-27 08:01:50', '2026-03-27 08:01:50'),
	(139, '2026', 14, 139, '2026-03-27 08:01:50', '2026-03-27 08:01:50'),
	(140, '2026', 14, 140, '2026-03-27 08:01:50', '2026-03-27 08:01:50'),
	(141, '2026', 15, 141, '2026-03-27 08:01:50', '2026-03-27 08:01:50'),
	(142, '2026', 15, 142, '2026-03-27 08:01:50', '2026-03-27 08:01:50'),
	(143, '2026', 15, 143, '2026-03-27 08:01:50', '2026-03-27 08:01:50'),
	(144, '2026', 15, 144, '2026-03-27 08:01:50', '2026-03-27 08:01:50'),
	(145, '2026', 15, 145, '2026-03-27 08:01:50', '2026-03-27 08:01:50'),
	(146, '2026', 15, 146, '2026-03-27 08:01:50', '2026-03-27 08:01:50'),
	(147, '2026', 15, 147, '2026-03-27 08:01:50', '2026-03-27 08:01:50'),
	(148, '2026', 15, 148, '2026-03-27 08:01:50', '2026-03-27 08:01:50'),
	(149, '2026', 15, 149, '2026-03-27 08:01:50', '2026-03-27 08:01:50'),
	(150, '2026', 15, 150, '2026-03-27 08:01:50', '2026-03-27 08:01:50');

-- Dumping data for table dbprueba.secciones: ~27 rows (approximately)
INSERT INTO `secciones` (`id`, `periodo`, `name`, `profesorId`, `gradoId`, `createdAt`, `updatedAt`) VALUES
	(1, '2024', '7-1', 1, 7, '2026-03-27 08:01:50', '2026-03-27 08:01:50'),
	(2, '2024', '8-2', 2, 8, '2026-03-27 08:01:50', '2026-03-27 08:01:50'),
	(3, '2025', '8-2', 2, 8, '2026-03-27 08:01:50', '2026-03-27 08:01:50'),
	(4, '2025', '9-3', 3, 9, '2026-03-27 08:01:50', '2026-03-27 08:01:50'),
	(5, '2024', '7-2', 6, 7, '2026-03-27 08:01:50', '2026-03-27 08:01:50'),
	(6, '2024', '8-1', 7, 8, '2026-03-27 08:01:50', '2026-03-27 08:01:50'),
	(7, '2024', '9-1', 6, 9, '2026-03-27 08:01:50', '2026-03-27 08:01:50'),
	(8, '2024', '10-1', 3, 10, '2026-03-27 08:01:50', '2026-03-27 08:01:50'),
	(9, '2024', '11-2', 6, 11, '2026-03-27 08:01:50', '2026-03-27 08:01:50'),
	(10, '2024', '12-1', 7, 12, '2026-03-27 08:01:50', '2026-03-27 08:01:50'),
	(11, '2024', '6-1', 3, 6, '2026-03-27 08:01:50', '2026-03-27 08:01:50'),
	(12, '2025', '7-3', 6, 7, '2026-03-27 08:01:50', '2026-03-27 08:01:50'),
	(13, '2025', '8-3', 7, 8, '2026-03-27 08:01:50', '2026-03-27 08:01:50'),
	(14, '2025', '9-2', 3, 9, '2026-03-27 08:01:50', '2026-03-27 08:01:50'),
	(15, '2025', '10-2', 6, 10, '2026-03-27 08:01:50', '2026-03-27 08:01:50'),
	(16, '2026', '1-1', 1, 1, '2026-03-27 08:01:50', '2026-03-27 08:01:50'),
	(17, '2026', '2-1', 3, 2, '2026-03-27 08:01:50', '2026-03-27 08:01:50'),
	(18, '2026', '3-1', 2, 3, '2026-03-27 08:01:50', '2026-03-27 08:01:50'),
	(19, '2026', '4-1', 5, 4, '2026-03-27 08:01:50', '2026-03-27 08:01:50'),
	(20, '2026', '5-1', 4, 5, '2026-03-27 08:01:50', '2026-03-27 08:01:50'),
	(21, '2026', '6-1', 7, 6, '2026-03-27 08:01:50', '2026-03-27 08:01:50'),
	(22, '2026', '7-1', 2, 7, '2026-03-27 08:01:50', '2026-03-27 08:01:50'),
	(23, '2026', '8-1', 4, 8, '2026-03-27 08:01:50', '2026-03-27 08:01:50'),
	(24, '2026', '9-1', 1, 9, '2026-03-27 08:01:50', '2026-03-27 08:01:50'),
	(25, '2026', '10-1', 5, 10, '2026-03-27 08:01:50', '2026-03-27 08:01:50'),
	(26, '2026', '11-1', 3, 11, '2026-03-27 08:01:50', '2026-03-27 08:01:50'),
	(27, '2026', '12-1', 6, 12, '2026-03-27 08:01:50', '2026-03-27 08:01:50');

-- Dumping data for table dbprueba.seccionprofesors: ~15 rows (approximately)
INSERT INTO `seccionprofesors` (`id`, `periodo`, `seccionId`, `profesorId`, `createdAt`, `updatedAt`) VALUES
	(1, '2026', 1, 3, '2026-03-27 08:01:50', '2026-03-27 08:01:50'),
	(2, '2026', 2, 2, '2026-03-27 08:01:50', '2026-03-27 08:01:50'),
	(3, '2026', 3, 1, '2026-03-27 08:01:50', '2026-03-27 08:01:50'),
	(4, '2026', 4, 6, '2026-03-27 08:01:50', '2026-03-27 08:01:50'),
	(5, '2026', 5, 6, '2026-03-27 08:01:50', '2026-03-27 08:01:50'),
	(6, '2026', 6, 7, '2026-03-27 08:01:50', '2026-03-27 08:01:50'),
	(7, '2026', 7, 6, '2026-03-27 08:01:50', '2026-03-27 08:01:50'),
	(8, '2026', 8, 3, '2026-03-27 08:01:50', '2026-03-27 08:01:50'),
	(9, '2026', 9, 6, '2026-03-27 08:01:50', '2026-03-27 08:01:50'),
	(10, '2026', 10, 7, '2026-03-27 08:01:50', '2026-03-27 08:01:50'),
	(11, '2026', 11, 3, '2026-03-27 08:01:50', '2026-03-27 08:01:50'),
	(12, '2026', 12, 6, '2026-03-27 08:01:50', '2026-03-27 08:01:50'),
	(13, '2026', 13, 7, '2026-03-27 08:01:50', '2026-03-27 08:01:50'),
	(14, '2026', 14, 3, '2026-03-27 08:01:50', '2026-03-27 08:01:50'),
	(15, '2026', 15, 6, '2026-03-27 08:01:50', '2026-03-27 08:01:50');

-- Dumping data for table dbprueba.sequelizemeta: ~20 rows (approximately)
INSERT INTO `sequelizemeta` (`name`) VALUES
	('20250531012859-create-user.js'),
	('20250531013008-create-data-user.js'),
	('20250606020611-create-roles.js'),
	('20250606020614-create-materias.js'),
	('20250606020617-create-materia-profesor.js'),
	('20250606020618-create-secciones.js'),
	('20250606020620-create-seccion-alumnos.js'),
	('20250606020625-create-seccion-profesor.js'),
	('20250606020631-create-encargado-alumnos.js'),
	('20250606020634-create-horarios.js'),
	('20250606020637-create-notas.js'),
	('20250606020645-create-config.js'),
	('20250606022309-create-actividades.js'),
	('20250606022435-create-mensajes.js'),
	('20251114031839-create-logs.js'),
	('20251119102659-create-mensaje-receptor.js'),
	('20251204043052-create-asistencia.js'),
	('20251204054708-create-errores.js'),
	('20260213000000-create-tipo-notas.js'),
	('20260228000001-create-grados.js');

-- Dumping data for table dbprueba.tiponotas: ~16 rows (approximately)
INSERT INTO `tiponotas` (`id`, `nombre`, `descripcion`, `createdAt`, `updatedAt`) VALUES
	(1, 'T1-Tarea1', 'Tarea 1', '2026-03-27 08:01:49', '2026-03-27 08:01:49'),
	(2, 'T2-Tarea2', 'Tarea 2', '2026-03-27 08:01:49', '2026-03-27 08:01:49'),
	(3, 'E1-Exa1', 'Examen 1', '2026-03-27 08:01:49', '2026-03-27 08:01:49'),
	(4, 'E2-Exa2', 'Examen 2', '2026-03-27 08:01:49', '2026-03-27 08:01:49'),
	(5, 'Proyecto', 'Proyecto', '2026-03-27 08:01:49', '2026-03-27 08:01:49'),
	(6, 'Parcial', 'Parcial', '2026-03-27 08:01:49', '2026-03-27 08:01:49'),
	(7, 'Final', 'Examen final', '2026-03-27 08:01:49', '2026-03-27 08:01:49'),
	(8, 'Recuperacion', 'Recuperación', '2026-03-27 08:01:49', '2026-03-27 08:01:49'),
	(9, 'Oral', 'Evaluación oral', '2026-03-27 08:01:49', '2026-03-27 08:01:49'),
	(10, 'Practica', 'Nota de práctica', '2026-03-27 08:01:49', '2026-03-27 08:01:49'),
	(11, 'Participacion', 'Participación en clase', '2026-03-27 08:01:49', '2026-03-27 08:01:49'),
	(12, 'ExamenSorpresa', 'Examen sorpresa', '2026-03-27 08:01:49', '2026-03-27 08:01:49'),
	(13, 'Taller', 'Taller / actividad', '2026-03-27 08:01:49', '2026-03-27 08:01:49'),
	(14, 'Laboratorio', 'Práctica de laboratorio', '2026-03-27 08:01:49', '2026-03-27 08:01:49'),
	(15, 'Extra', 'Extra / bonus', '2026-03-27 08:01:49', '2026-03-27 08:01:49'),
	(16, 'Conducta', 'Conducta', '2026-03-27 08:01:49', '2026-03-27 08:01:49');

-- Dumping data for table dbprueba.users: ~50 rows (approximately)
INSERT INTO `users` (`id`, `userName`, `pass`, `email`, `active`, `roleId`, `createdAt`, `updatedAt`) VALUES
	(1, 'soporte', '$2b$10$6O4QVIqOXhvWkyO33u35/uL.6HvyFwYCXXFyuCcFr2sSqpt/yAaq2', 'soporte@example.com', 1, 5, '2026-03-27 08:01:50', '2026-03-27 08:01:50'),
	(2, 'leloo', '$2b$10$eTdJ6wo2uMDxXadSDYL26OvlUb72LJw4serGRVBuTZcDMAJen9eR6', 'leloo@example.com', 1, 3, '2026-03-27 08:01:50', '2026-03-27 08:01:50'),
	(3, 'choy', '$2b$10$MhtE0tmuCjWNpgImxutrkuOIyWQ0LzeroYRfmeeqaAwK0K60L8Lwi', 'choy@example.com', 1, 3, '2026-03-27 08:01:50', '2026-03-27 08:01:50'),
	(4, 'admin', '$2b$10$68mv11cZx6HgVcrA8WsKRuAjlpv1rc09wyUwtt2P0QstCf.g6CkJG', 'admin@example.com', 1, 4, '2026-03-27 08:01:50', '2026-03-27 08:01:50'),
	(5, 'admin2', '$2b$10$v6k62gF6/qpFcdwB0xiRSub9PEUZyzzsoQLFdpoiW9igzrk0KismW', 'admin2@example.com', 1, 4, '2026-03-27 08:01:50', '2026-03-27 08:01:50'),
	(6, 'profe1', '$2b$10$i089UkQNID/mIOv1.Nq8n.1/t49plH1BgxpFMVdPAdQIC9L4l8b66', 'profe1@example.com', 1, 3, '2026-03-27 08:01:50', '2026-03-27 08:01:50'),
	(7, 'pref2', '$2b$10$NmgnibvdRikCzAWuZSRBNuZUsF1DhhjqMxGBU.DbVV0Mn9VotwijS', 'profe2@example.com', 1, 3, '2026-03-27 08:01:50', '2026-03-27 08:01:50'),
	(8, 'encargado1', '$2b$10$Gb4QtmhwMUzFy0.zXGVMmuqO4SfroH7JNT26O3R1Sz6nSswhv6VrW', 'encargado1@example.com', 1, 2, '2026-03-27 08:01:50', '2026-03-27 08:01:50'),
	(9, 'encargado2', '$2b$10$YEWpQbp.WJe3ELXrdQge4O4w/41/TTMVxSTp3rhVvKoznGynSlMdC', 'encargado2@example.com', 1, 2, '2026-03-27 08:01:50', '2026-03-27 08:01:50'),
	(10, 'alumno1', '$2b$10$83hmGQgre2mJTPGciioBJe3/nGReDazPq28vjJSVl90AeVNvYxFgS', 'alumno1@example.com', 1, 1, '2026-03-27 08:01:50', '2026-03-27 08:01:50'),
	(11, 'alumno2', '$2b$10$L7JHumqFI1q2TLjx674.mOu40Otz79quDqmwRrg8QKtubwTYjz67y', 'alumno2@example.com', 1, 1, '2026-03-27 08:01:50', '2026-03-27 08:01:50'),
	(12, 'alumno3', '$2b$10$L.nNHB8G7I3EEUsvpTMdqeUfiUF5nHCGn15j2t4ywknQjlkJsTLSy', 'alumno3@example.com', 1, 1, '2026-03-27 08:01:50', '2026-03-27 08:01:50'),
	(13, 'alumno4', '$2b$10$a0Hing0zeoUW8jnhBHgfTeQNxA.8q5tEyNDMLFEBr3ClPG1ATDISK', 'alumno4@example.com', 1, 1, '2026-03-27 08:01:50', '2026-03-27 08:01:50'),
	(14, 'SantiVargas', '$2b$10$9NdPpQPzT.BK4kbj7cnUqOpI71SJ/nnsXxqNSUGlOy2Dt2cG1tF62', 'santivargas@example.com', 1, 1, '2026-03-27 08:01:50', '2026-03-27 08:01:50'),
	(15, 'abigailRod', '$2b$10$6O4QVIqOXhvWkyO33u35/uL.6HvyFwYCXXFyuCcFr2sSqpt/yAaq2', 'abigailrod@example.com', 1, 1, '2026-03-27 08:01:50', '2026-03-27 08:01:50'),
	(16, 'isflores', '$2b$10$UXoXzxLOplCJuEsZq0ARYOGV5F8oPgJCbxWaBzp9.7ayUaWC9eJK2', 'isflores@example.com', 1, 2, '2026-03-27 08:01:50', '2026-03-27 08:01:50'),
	(17, 'alumno16', '$2b$10$83hmGQgre2mJTPGciioBJe3/nGReDazPq28vjJSVl90AeVNvYxFgS', 'alumno16@example.com', 1, 1, '2026-03-27 08:01:50', '2026-03-27 08:01:50'),
	(18, 'alumno17', '$2b$10$83hmGQgre2mJTPGciioBJe3/nGReDazPq28vjJSVl90AeVNvYxFgS', 'alumno17@example.com', 1, 1, '2026-03-27 08:01:50', '2026-03-27 08:01:50'),
	(19, 'alumno18', '$2b$10$83hmGQgre2mJTPGciioBJe3/nGReDazPq28vjJSVl90AeVNvYxFgS', 'alumno18@example.com', 1, 1, '2026-03-27 08:01:50', '2026-03-27 08:01:50'),
	(20, 'alumno19', '$2b$10$83hmGQgre2mJTPGciioBJe3/nGReDazPq28vjJSVl90AeVNvYxFgS', 'alumno19@example.com', 1, 1, '2026-03-27 08:01:50', '2026-03-27 08:01:50'),
	(21, 'alumno20', '$2b$10$83hmGQgre2mJTPGciioBJe3/nGReDazPq28vjJSVl90AeVNvYxFgS', 'alumno20@example.com', 1, 1, '2026-03-27 08:01:50', '2026-03-27 08:01:50'),
	(22, 'alumno21', '$2b$10$83hmGQgre2mJTPGciioBJe3/nGReDazPq28vjJSVl90AeVNvYxFgS', 'alumno21@example.com', 1, 1, '2026-03-27 08:01:50', '2026-03-27 08:01:50'),
	(23, 'alumno22', '$2b$10$83hmGQgre2mJTPGciioBJe3/nGReDazPq28vjJSVl90AeVNvYxFgS', 'alumno22@example.com', 1, 1, '2026-03-27 08:01:50', '2026-03-27 08:01:50'),
	(24, 'alumno23', '$2b$10$83hmGQgre2mJTPGciioBJe3/nGReDazPq28vjJSVl90AeVNvYxFgS', 'alumno23@example.com', 1, 1, '2026-03-27 08:01:50', '2026-03-27 08:01:50'),
	(25, 'alumno24', '$2b$10$83hmGQgre2mJTPGciioBJe3/nGReDazPq28vjJSVl90AeVNvYxFgS', 'alumno24@example.com', 1, 1, '2026-03-27 08:01:50', '2026-03-27 08:01:50'),
	(26, 'alumno25', '$2b$10$83hmGQgre2mJTPGciioBJe3/nGReDazPq28vjJSVl90AeVNvYxFgS', 'alumno25@example.com', 1, 1, '2026-03-27 08:01:50', '2026-03-27 08:01:50'),
	(27, 'alumno26', '$2b$10$83hmGQgre2mJTPGciioBJe3/nGReDazPq28vjJSVl90AeVNvYxFgS', 'alumno26@example.com', 1, 1, '2026-03-27 08:01:50', '2026-03-27 08:01:50'),
	(28, 'alumno27', '$2b$10$83hmGQgre2mJTPGciioBJe3/nGReDazPq28vjJSVl90AeVNvYxFgS', 'alumno27@example.com', 1, 1, '2026-03-27 08:01:50', '2026-03-27 08:01:50'),
	(29, 'alumno28', '$2b$10$83hmGQgre2mJTPGciioBJe3/nGReDazPq28vjJSVl90AeVNvYxFgS', 'alumno28@example.com', 1, 1, '2026-03-27 08:01:50', '2026-03-27 08:01:50'),
	(30, 'alumno29', '$2b$10$83hmGQgre2mJTPGciioBJe3/nGReDazPq28vjJSVl90AeVNvYxFgS', 'alumno29@example.com', 1, 1, '2026-03-27 08:01:50', '2026-03-27 08:01:50'),
	(31, 'alumno30', '$2b$10$83hmGQgre2mJTPGciioBJe3/nGReDazPq28vjJSVl90AeVNvYxFgS', 'alumno30@example.com', 1, 1, '2026-03-27 08:01:50', '2026-03-27 08:01:50'),
	(32, 'alumno31', '$2b$10$83hmGQgre2mJTPGciioBJe3/nGReDazPq28vjJSVl90AeVNvYxFgS', 'alumno31@example.com', 1, 1, '2026-03-27 08:01:50', '2026-03-27 08:01:50'),
	(33, 'alumno32', '$2b$10$83hmGQgre2mJTPGciioBJe3/nGReDazPq28vjJSVl90AeVNvYxFgS', 'alumno32@example.com', 1, 1, '2026-03-27 08:01:50', '2026-03-27 08:01:50'),
	(34, 'alumno33', '$2b$10$83hmGQgre2mJTPGciioBJe3/nGReDazPq28vjJSVl90AeVNvYxFgS', 'alumno33@example.com', 1, 1, '2026-03-27 08:01:50', '2026-03-27 08:01:50'),
	(35, 'alumno34', '$2b$10$83hmGQgre2mJTPGciioBJe3/nGReDazPq28vjJSVl90AeVNvYxFgS', 'alumno34@example.com', 1, 1, '2026-03-27 08:01:50', '2026-03-27 08:01:50'),
	(36, 'alumno35', '$2b$10$83hmGQgre2mJTPGciioBJe3/nGReDazPq28vjJSVl90AeVNvYxFgS', 'alumno35@example.com', 1, 1, '2026-03-27 08:01:50', '2026-03-27 08:01:50'),
	(37, 'alumno36', '$2b$10$83hmGQgre2mJTPGciioBJe3/nGReDazPq28vjJSVl90AeVNvYxFgS', 'alumno36@example.com', 1, 1, '2026-03-27 08:01:50', '2026-03-27 08:01:50'),
	(38, 'alumno37', '$2b$10$83hmGQgre2mJTPGciioBJe3/nGReDazPq28vjJSVl90AeVNvYxFgS', 'alumno37@example.com', 1, 1, '2026-03-27 08:01:50', '2026-03-27 08:01:50'),
	(39, 'alumno38', '$2b$10$83hmGQgre2mJTPGciioBJe3/nGReDazPq28vjJSVl90AeVNvYxFgS', 'alumno38@example.com', 1, 1, '2026-03-27 08:01:50', '2026-03-27 08:01:50'),
	(40, 'alumno39', '$2b$10$83hmGQgre2mJTPGciioBJe3/nGReDazPq28vjJSVl90AeVNvYxFgS', 'alumno39@example.com', 1, 1, '2026-03-27 08:01:50', '2026-03-27 08:01:50'),
	(41, 'alumno40', '$2b$10$83hmGQgre2mJTPGciioBJe3/nGReDazPq28vjJSVl90AeVNvYxFgS', 'alumno40@example.com', 1, 1, '2026-03-27 08:01:50', '2026-03-27 08:01:50'),
	(42, 'alumno41', '$2b$10$83hmGQgre2mJTPGciioBJe3/nGReDazPq28vjJSVl90AeVNvYxFgS', 'alumno41@example.com', 1, 1, '2026-03-27 08:01:50', '2026-03-27 08:01:50'),
	(43, 'alumno42', '$2b$10$83hmGQgre2mJTPGciioBJe3/nGReDazPq28vjJSVl90AeVNvYxFgS', 'alumno42@example.com', 1, 1, '2026-03-27 08:01:50', '2026-03-27 08:01:50'),
	(44, 'alumno43', '$2b$10$83hmGQgre2mJTPGciioBJe3/nGReDazPq28vjJSVl90AeVNvYxFgS', 'alumno43@example.com', 1, 1, '2026-03-27 08:01:50', '2026-03-27 08:01:50'),
	(45, 'alumno44', '$2b$10$83hmGQgre2mJTPGciioBJe3/nGReDazPq28vjJSVl90AeVNvYxFgS', 'alumno44@example.com', 1, 1, '2026-03-27 08:01:50', '2026-03-27 08:01:50'),
	(46, 'alumno45', '$2b$10$83hmGQgre2mJTPGciioBJe3/nGReDazPq28vjJSVl90AeVNvYxFgS', 'alumno45@example.com', 1, 1, '2026-03-27 08:01:50', '2026-03-27 08:01:50'),
	(47, 'Encargado3', '$2b$10$qFDciMaVvDeNfwE.3REoU.aWRtl6v16TXedPh1gxxcYnCgMs1M37q', 'encargado@example.com', 0, 1, '2026-04-02 20:42:16', '2026-04-02 20:42:16'),
	(49, 'jfuentes', '$2b$10$.VV6l9pbhqIM71BcN4QPP.ibMZX234qENfomAO1AXAGBQxp7C5/LW', 'chifvs2@gmail.com', 0, 1, '2026-04-05 02:29:31', '2026-04-05 02:29:31'),
	(51, 'ploria', '$2b$10$mAUadwQNvUaI3mlI1FC4suQ22Cd69vJMSzW3KB5/HsnjhS7K/kxEC', 'chifvs3@gmail.com', 0, 1, '2026-04-05 02:37:59', '2026-04-05 02:37:59'),
	(52, 'tlopez', '$2b$10$H/VZDn8lFR.05hjXBA7GFePt8Xb677GctEH/QB9WlDJFJOq11cSVi', 'chifvs@gmail.com', 0, 2, '2026-04-05 02:51:03', '2026-04-05 02:51:03');

/*!40103 SET TIME_ZONE=IFNULL(@OLD_TIME_ZONE, 'system') */;
/*!40101 SET SQL_MODE=IFNULL(@OLD_SQL_MODE, '') */;
/*!40014 SET FOREIGN_KEY_CHECKS=IFNULL(@OLD_FOREIGN_KEY_CHECKS, 1) */;
/*!40101 SET CHARACTER_SET_CLIENT=@OLD_CHARACTER_SET_CLIENT */;
/*!40111 SET SQL_NOTES=IFNULL(@OLD_SQL_NOTES, 1) */;
